[{
    "model": "admin.logentry",
    "pk": 1,
    "fields": {
        "action_time": "2022-03-31T16:22:00.440Z",
        "user": 1,
        "content_type": 7,
        "object_id": "1",
        "object_repr": "nvacomputers.example.com",
        "action_flag": 2,
        "change_message": "[{\"changed\": {\"fields\": [\"Domain name\", \"Display name\"]}}]"
    }
}, {
    "model": "admin.logentry",
    "pk": 2,
    "fields": {
        "action_time": "2022-03-31T16:32:23.245Z",
        "user": 1,
        "content_type": 8,
        "object_id": "2",
        "object_repr": "nikolav@ique.nl",
        "action_flag": 1,
        "change_message": "[{\"added\": {}}]"
    }
}, {
    "model": "admin.logentry",
    "pk": 3,
    "fields": {
        "action_time": "2022-04-11T17:44:52.579Z",
        "user": 1,
        "content_type": 13,
        "object_id": "1",
        "object_repr": "Arizona Original Bootcut Jeans",
        "action_flag": 2,
        "change_message": "[{\"changed\": {\"fields\": [\"Specs\"]}}]"
    }
}, {
    "model": "admin.logentry",
    "pk": 4,
    "fields": {
        "action_time": "2022-04-11T19:46:30.863Z",
        "user": 1,
        "content_type": 13,
        "object_id": "1",
        "object_repr": "Arizona Original Bootcut Jeans",
        "action_flag": 2,
        "change_message": "[{\"changed\": {\"fields\": [\"Image url\"]}}]"
    }
}, {
    "model": "admin.logentry",
    "pk": 5,
    "fields": {
        "action_time": "2022-04-11T19:46:54.554Z",
        "user": 1,
        "content_type": 13,
        "object_id": "1",
        "object_repr": "Arizona Original Bootcut Jeans",
        "action_flag": 2,
        "change_message": "[{\"changed\": {\"fields\": [\"Image\"]}}]"
    }
}, {
    "model": "admin.logentry",
    "pk": 6,
    "fields": {
        "action_time": "2022-04-11T19:49:38.336Z",
        "user": 1,
        "content_type": 13,
        "object_id": "1",
        "object_repr": "Arizona Original Bootcut Jeans",
        "action_flag": 2,
        "change_message": "[{\"changed\": {\"fields\": [\"Image\"]}}]"
    }
}, {
    "model": "admin.logentry",
    "pk": 7,
    "fields": {
        "action_time": "2022-04-11T19:49:59.669Z",
        "user": 1,
        "content_type": 13,
        "object_id": "1",
        "object_repr": "Arizona Original Bootcut Jeans",
        "action_flag": 2,
        "change_message": "[{\"changed\": {\"fields\": [\"Image\"]}}]"
    }
}, {
    "model": "admin.logentry",
    "pk": 8,
    "fields": {
        "action_time": "2022-04-12T12:00:00.816Z",
        "user": 1,
        "content_type": 13,
        "object_id": "2",
        "object_repr": "Sports",
        "action_flag": 1,
        "change_message": "[{\"added\": {}}]"
    }
}, {
    "model": "admin.logentry",
    "pk": 9,
    "fields": {
        "action_time": "2022-04-12T14:59:03.032Z",
        "user": 1,
        "content_type": 13,
        "object_id": "2",
        "object_repr": "Sports",
        "action_flag": 2,
        "change_message": "[{\"changed\": {\"fields\": [\"Image\"]}}]"
    }
}, {
    "model": "admin.logentry",
    "pk": 10,
    "fields": {
        "action_time": "2022-04-12T14:59:12.648Z",
        "user": 1,
        "content_type": 13,
        "object_id": "1",
        "object_repr": "Arizona Original Bootcut Jeans",
        "action_flag": 2,
        "change_message": "[{\"changed\": {\"fields\": [\"Image\"]}}]"
    }
}, {
    "model": "admin.logentry",
    "pk": 11,
    "fields": {
        "action_time": "2022-04-14T18:48:12.770Z",
        "user": 1,
        "content_type": 15,
        "object_id": "3",
        "object_repr": "17E43DF861874F25B4F540573389ABB5",
        "action_flag": 3,
        "change_message": ""
    }
}, {
    "model": "admin.logentry",
    "pk": 12,
    "fields": {
        "action_time": "2022-04-14T18:52:13.368Z",
        "user": 1,
        "content_type": 15,
        "object_id": "3",
        "object_repr": "17E43DF861874F25B4F540573389ABB5",
        "action_flag": 3,
        "change_message": ""
    }
}, {
    "model": "admin.logentry",
    "pk": 13,
    "fields": {
        "action_time": "2022-04-14T18:55:07.987Z",
        "user": 1,
        "content_type": 15,
        "object_id": "3",
        "object_repr": "17E43DF861874F25B4F540573389ABB5",
        "action_flag": 2,
        "change_message": "[{\"deleted\": {\"name\": \"order line item\", \"object\": \"SKU pp5001340155 on order 17E43DF861874F25B4F540573389ABB5\"}}]"
    }
}, {
    "model": "admin.logentry",
    "pk": 14,
    "fields": {
        "action_time": "2022-04-14T18:55:15.677Z",
        "user": 1,
        "content_type": 15,
        "object_id": "3",
        "object_repr": "17E43DF861874F25B4F540573389ABB5",
        "action_flag": 3,
        "change_message": ""
    }
}, {
    "model": "admin.logentry",
    "pk": 15,
    "fields": {
        "action_time": "2022-04-14T18:56:15.774Z",
        "user": 1,
        "content_type": 15,
        "object_id": "2",
        "object_repr": "D3A9D142CF984145962A2BEF4B754E69",
        "action_flag": 2,
        "change_message": "[{\"deleted\": {\"name\": \"order line item\", \"object\": \"SKU pp5001340155 on order D3A9D142CF984145962A2BEF4B754E69\"}}]"
    }
}, {
    "model": "admin.logentry",
    "pk": 16,
    "fields": {
        "action_time": "2022-04-14T18:59:25.897Z",
        "user": 1,
        "content_type": 15,
        "object_id": "4",
        "object_repr": "1125249E204348A497831FC62F597D31",
        "action_flag": 3,
        "change_message": ""
    }
}, {
    "model": "admin.logentry",
    "pk": 17,
    "fields": {
        "action_time": "2022-04-19T13:12:40.701Z",
        "user": 1,
        "content_type": 13,
        "object_id": "3",
        "object_repr": "Apple 16-inch",
        "action_flag": 1,
        "change_message": "[{\"added\": {}}]"
    }
}, {
    "model": "admin.logentry",
    "pk": 18,
    "fields": {
        "action_time": "2022-04-19T13:13:26.418Z",
        "user": 1,
        "content_type": 13,
        "object_id": "3",
        "object_repr": "Apple 16-inch",
        "action_flag": 2,
        "change_message": "[{\"changed\": {\"fields\": [\"Image\"]}}]"
    }
}, {
    "model": "admin.logentry",
    "pk": 19,
    "fields": {
        "action_time": "2022-04-19T13:37:55.512Z",
        "user": 1,
        "content_type": 13,
        "object_id": "4",
        "object_repr": "Apple imac desktop",
        "action_flag": 1,
        "change_message": "[{\"added\": {}}]"
    }
}, {
    "model": "admin.logentry",
    "pk": 20,
    "fields": {
        "action_time": "2022-04-19T13:52:52.618Z",
        "user": 1,
        "content_type": 13,
        "object_id": "5",
        "object_repr": "Lian Li Bauer",
        "action_flag": 1,
        "change_message": "[{\"added\": {}}]"
    }
}, {
    "model": "admin.logentry",
    "pk": 21,
    "fields": {
        "action_time": "2022-04-19T14:14:27.195Z",
        "user": 1,
        "content_type": 13,
        "object_id": "6",
        "object_repr": "Medion x350",
        "action_flag": 1,
        "change_message": "[{\"added\": {}}]"
    }
}, {
    "model": "admin.logentry",
    "pk": 22,
    "fields": {
        "action_time": "2022-04-19T14:30:03.541Z",
        "user": 1,
        "content_type": 13,
        "object_id": "7",
        "object_repr": "acer Y346",
        "action_flag": 1,
        "change_message": "[{\"added\": {}}]"
    }
}, {
    "model": "admin.logentry",
    "pk": 23,
    "fields": {
        "action_time": "2022-04-19T14:45:38.054Z",
        "user": 1,
        "content_type": 13,
        "object_id": "8",
        "object_repr": "dell G534",
        "action_flag": 1,
        "change_message": "[{\"added\": {}}]"
    }
}, {
    "model": "admin.logentry",
    "pk": 24,
    "fields": {
        "action_time": "2022-04-19T14:59:49.256Z",
        "user": 1,
        "content_type": 13,
        "object_id": "9",
        "object_repr": "HP 5g478",
        "action_flag": 1,
        "change_message": "[{\"added\": {}}]"
    }
}, {
    "model": "admin.logentry",
    "pk": 25,
    "fields": {
        "action_time": "2022-04-19T15:20:44.493Z",
        "user": 1,
        "content_type": 13,
        "object_id": "10",
        "object_repr": "hp y344",
        "action_flag": 1,
        "change_message": "[{\"added\": {}}]"
    }
}, {
    "model": "admin.logentry",
    "pk": 26,
    "fields": {
        "action_time": "2022-04-19T15:21:59.213Z",
        "user": 1,
        "content_type": 13,
        "object_id": "7",
        "object_repr": "acer Y346",
        "action_flag": 2,
        "change_message": "[{\"changed\": {\"fields\": [\"Description\", \"Specs\"]}}]"
    }
}, {
    "model": "admin.logentry",
    "pk": 27,
    "fields": {
        "action_time": "2022-04-19T15:22:23.611Z",
        "user": 1,
        "content_type": 13,
        "object_id": "8",
        "object_repr": "dell G534",
        "action_flag": 2,
        "change_message": "[{\"changed\": {\"fields\": [\"Specs\"]}}]"
    }
}, {
    "model": "admin.logentry",
    "pk": 28,
    "fields": {
        "action_time": "2022-04-19T15:24:04.651Z",
        "user": 1,
        "content_type": 13,
        "object_id": "9",
        "object_repr": "HP 5g478",
        "action_flag": 2,
        "change_message": "[{\"changed\": {\"fields\": [\"Description\", \"Specs\"]}}]"
    }
}, {
    "model": "admin.logentry",
    "pk": 29,
    "fields": {
        "action_time": "2022-04-19T15:36:25.292Z",
        "user": 1,
        "content_type": 13,
        "object_id": "11",
        "object_repr": "MSi G500",
        "action_flag": 1,
        "change_message": "[{\"added\": {}}]"
    }
}, {
    "model": "admin.logentry",
    "pk": 30,
    "fields": {
        "action_time": "2022-04-19T21:00:28.243Z",
        "user": 1,
        "content_type": 13,
        "object_id": "7",
        "object_repr": "acer Y346",
        "action_flag": 2,
        "change_message": "[{\"changed\": {\"fields\": [\"Category\"]}}]"
    }
}, {
    "model": "admin.logentry",
    "pk": 31,
    "fields": {
        "action_time": "2022-04-19T21:02:21.846Z",
        "user": 1,
        "content_type": 13,
        "object_id": "7",
        "object_repr": "Acer Y346",
        "action_flag": 2,
        "change_message": "[{\"changed\": {\"fields\": [\"Name\"]}}]"
    }
}, {
    "model": "admin.logentry",
    "pk": 32,
    "fields": {
        "action_time": "2022-04-19T21:02:31.369Z",
        "user": 1,
        "content_type": 13,
        "object_id": "8",
        "object_repr": "Dell G534",
        "action_flag": 2,
        "change_message": "[{\"changed\": {\"fields\": [\"Name\"]}}]"
    }
}, {
    "model": "admin.logentry",
    "pk": 33,
    "fields": {
        "action_time": "2022-04-19T21:02:43.795Z",
        "user": 1,
        "content_type": 13,
        "object_id": "10",
        "object_repr": "HP y344",
        "action_flag": 2,
        "change_message": "[{\"changed\": {\"fields\": [\"Name\"]}}]"
    }
}, {
    "model": "admin.logentry",
    "pk": 34,
    "fields": {
        "action_time": "2022-04-21T12:45:53.507Z",
        "user": 1,
        "content_type": 13,
        "object_id": "12",
        "object_repr": "test",
        "action_flag": 3,
        "change_message": ""
    }
}, {
    "model": "admin.logentry",
    "pk": 35,
    "fields": {
        "action_time": "2022-04-24T16:05:12.245Z",
        "user": 1,
        "content_type": 13,
        "object_id": "14",
        "object_repr": "Logitech EditorsKeys",
        "action_flag": 1,
        "change_message": "[{\"added\": {}}]"
    }
}, {
    "model": "admin.logentry",
    "pk": 36,
    "fields": {
        "action_time": "2022-04-24T16:12:14.212Z",
        "user": 1,
        "content_type": 13,
        "object_id": "15",
        "object_repr": "Red Dragon rd305",
        "action_flag": 1,
        "change_message": "[{\"added\": {}}]"
    }
}, {
    "model": "admin.logentry",
    "pk": 37,
    "fields": {
        "action_time": "2022-04-24T16:20:12.264Z",
        "user": 1,
        "content_type": 13,
        "object_id": "16",
        "object_repr": "Logitech TinyKeys",
        "action_flag": 1,
        "change_message": "[{\"added\": {}}]"
    }
}, {
    "model": "admin.logentry",
    "pk": 38,
    "fields": {
        "action_time": "2022-04-24T16:25:22.296Z",
        "user": 1,
        "content_type": 13,
        "object_id": "17",
        "object_repr": "Trust b7",
        "action_flag": 1,
        "change_message": "[{\"added\": {}}]"
    }
}, {
    "model": "admin.logentry",
    "pk": 39,
    "fields": {
        "action_time": "2022-04-24T16:30:21.779Z",
        "user": 1,
        "content_type": 13,
        "object_id": "18",
        "object_repr": "Redkeys 350",
        "action_flag": 1,
        "change_message": "[{\"added\": {}}]"
    }
}, {
    "model": "admin.logentry",
    "pk": 40,
    "fields": {
        "action_time": "2022-04-24T16:36:40.033Z",
        "user": 1,
        "content_type": 13,
        "object_id": "19",
        "object_repr": "Logitech G100",
        "action_flag": 1,
        "change_message": "[{\"added\": {}}]"
    }
}, {
    "model": "admin.logentry",
    "pk": 41,
    "fields": {
        "action_time": "2022-04-24T16:44:08.545Z",
        "user": 1,
        "content_type": 13,
        "object_id": "20",
        "object_repr": "Logitech A201",
        "action_flag": 1,
        "change_message": "[{\"added\": {}}]"
    }
}, {
    "model": "admin.logentry",
    "pk": 42,
    "fields": {
        "action_time": "2022-04-24T16:44:15.340Z",
        "user": 1,
        "content_type": 13,
        "object_id": "20",
        "object_repr": "Logitech A201",
        "action_flag": 2,
        "change_message": "[{\"changed\": {\"fields\": [\"Category\"]}}]"
    }
}, {
    "model": "admin.logentry",
    "pk": 43,
    "fields": {
        "action_time": "2022-04-24T16:44:25.032Z",
        "user": 1,
        "content_type": 13,
        "object_id": "19",
        "object_repr": "Logitech G100",
        "action_flag": 2,
        "change_message": "[{\"changed\": {\"fields\": [\"Specs\"]}}]"
    }
}, {
    "model": "admin.logentry",
    "pk": 44,
    "fields": {
        "action_time": "2022-04-24T16:49:31.312Z",
        "user": 1,
        "content_type": 13,
        "object_id": "21",
        "object_repr": "Windows Mouse",
        "action_flag": 1,
        "change_message": "[{\"added\": {}}]"
    }
}, {
    "model": "admin.logentry",
    "pk": 45,
    "fields": {
        "action_time": "2022-04-24T16:53:23.884Z",
        "user": 1,
        "content_type": 13,
        "object_id": "22",
        "object_repr": "Logitech G150",
        "action_flag": 1,
        "change_message": "[{\"added\": {}}]"
    }
}, {
    "model": "admin.logentry",
    "pk": 46,
    "fields": {
        "action_time": "2022-04-24T17:04:58.830Z",
        "user": 1,
        "content_type": 13,
        "object_id": "23",
        "object_repr": "Logitech MX Master3",
        "action_flag": 1,
        "change_message": "[{\"added\": {}}]"
    }
}, {
    "model": "admin.logentry",
    "pk": 47,
    "fields": {
        "action_time": "2022-04-24T17:05:08.836Z",
        "user": 1,
        "content_type": 13,
        "object_id": "23",
        "object_repr": "Logitech MX Master3",
        "action_flag": 2,
        "change_message": "[]"
    }
}, {
    "model": "admin.logentry",
    "pk": 48,
    "fields": {
        "action_time": "2022-04-24T19:09:58.317Z",
        "user": 1,
        "content_type": 13,
        "object_id": "2",
        "object_repr": "Sports",
        "action_flag": 3,
        "change_message": ""
    }
}, {
    "model": "admin.logentry",
    "pk": 49,
    "fields": {
        "action_time": "2022-04-24T19:09:58.320Z",
        "user": 1,
        "content_type": 13,
        "object_id": "1",
        "object_repr": "Arizona Original Bootcut Jeans",
        "action_flag": 3,
        "change_message": ""
    }
}, {
    "model": "admin.logentry",
    "pk": 50,
    "fields": {
        "action_time": "2022-04-28T18:41:47.177Z",
        "user": 1,
        "content_type": 13,
        "object_id": "24",
        "object_repr": "Corsair gt500",
        "action_flag": 1,
        "change_message": "[{\"added\": {}}]"
    }
}, {
    "model": "admin.logentry",
    "pk": 51,
    "fields": {
        "action_time": "2022-04-28T18:51:12.154Z",
        "user": 1,
        "content_type": 13,
        "object_id": "25",
        "object_repr": "Razer Nari Ultimate",
        "action_flag": 1,
        "change_message": "[{\"added\": {}}]"
    }
}, {
    "model": "admin.logentry",
    "pk": 52,
    "fields": {
        "action_time": "2022-04-28T18:58:38.971Z",
        "user": 1,
        "content_type": 13,
        "object_id": "26",
        "object_repr": "Bose Comfort 45",
        "action_flag": 1,
        "change_message": "[{\"added\": {}}]"
    }
}, {
    "model": "admin.logentry",
    "pk": 53,
    "fields": {
        "action_time": "2022-04-28T19:04:27.669Z",
        "user": 1,
        "content_type": 13,
        "object_id": "27",
        "object_repr": "Steelseries Arctis 7x",
        "action_flag": 1,
        "change_message": "[{\"added\": {}}]"
    }
}, {
    "model": "admin.logentry",
    "pk": 54,
    "fields": {
        "action_time": "2022-04-28T19:05:00.468Z",
        "user": 1,
        "content_type": 13,
        "object_id": "25",
        "object_repr": "Razer Nari Ultimate",
        "action_flag": 2,
        "change_message": "[{\"changed\": {\"fields\": [\"Specs\"]}}]"
    }
}, {
    "model": "admin.logentry",
    "pk": 55,
    "fields": {
        "action_time": "2022-04-28T19:13:32.666Z",
        "user": 1,
        "content_type": 13,
        "object_id": "28",
        "object_repr": "Audio Technica ATH-M70x",
        "action_flag": 1,
        "change_message": "[{\"added\": {}}]"
    }
}, {
    "model": "admin.logentry",
    "pk": 56,
    "fields": {
        "action_time": "2022-04-28T19:43:39.289Z",
        "user": 1,
        "content_type": 13,
        "object_id": "29",
        "object_repr": "Apple Lightning USB-A to Lightning",
        "action_flag": 1,
        "change_message": "[{\"added\": {}}]"
    }
}, {
    "model": "admin.logentry",
    "pk": 57,
    "fields": {
        "action_time": "2022-04-28T19:48:11.178Z",
        "user": 1,
        "content_type": 13,
        "object_id": "30",
        "object_repr": "HDMI",
        "action_flag": 1,
        "change_message": "[{\"added\": {}}]"
    }
}, {
    "model": "admin.logentry",
    "pk": 58,
    "fields": {
        "action_time": "2022-04-28T19:54:08.891Z",
        "user": 1,
        "content_type": 13,
        "object_id": "31",
        "object_repr": "Ethernet cable 5 meters",
        "action_flag": 1,
        "change_message": "[{\"added\": {}}]"
    }
}, {
    "model": "admin.logentry",
    "pk": 59,
    "fields": {
        "action_time": "2022-04-28T19:57:51.577Z",
        "user": 1,
        "content_type": 13,
        "object_id": "32",
        "object_repr": "Baseus USB-C cable",
        "action_flag": 1,
        "change_message": "[{\"added\": {}}]"
    }
}, {
    "model": "admin.logentry",
    "pk": 60,
    "fields": {
        "action_time": "2022-04-28T20:05:44.289Z",
        "user": 1,
        "content_type": 13,
        "object_id": "33",
        "object_repr": "Audio cable 3 meter",
        "action_flag": 1,
        "change_message": "[{\"added\": {}}]"
    }
}, {
    "model": "admin.logentry",
    "pk": 61,
    "fields": {
        "action_time": "2022-04-28T20:38:32.973Z",
        "user": 1,
        "content_type": 13,
        "object_id": "34",
        "object_repr": "HP 26HLM",
        "action_flag": 1,
        "change_message": "[{\"added\": {}}]"
    }
}, {
    "model": "admin.logentry",
    "pk": 62,
    "fields": {
        "action_time": "2022-04-28T20:43:41.352Z",
        "user": 1,
        "content_type": 13,
        "object_id": "35",
        "object_repr": "LG LS22",
        "action_flag": 1,
        "change_message": "[{\"added\": {}}]"
    }
}, {
    "model": "admin.logentry",
    "pk": 63,
    "fields": {
        "action_time": "2022-04-28T20:53:32.641Z",
        "user": 1,
        "content_type": 13,
        "object_id": "36",
        "object_repr": "Acer ACM24",
        "action_flag": 1,
        "change_message": "[{\"added\": {}}]"
    }
}, {
    "model": "admin.logentry",
    "pk": 64,
    "fields": {
        "action_time": "2022-04-28T21:00:06.385Z",
        "user": 1,
        "content_type": 13,
        "object_id": "37",
        "object_repr": "LG WC20C",
        "action_flag": 1,
        "change_message": "[{\"added\": {}}]"
    }
}, {
    "model": "admin.logentry",
    "pk": 65,
    "fields": {
        "action_time": "2022-05-04T12:28:20.474Z",
        "user": 1,
        "content_type": 18,
        "object_id": "1",
        "object_repr": "Apple 16-inch",
        "action_flag": 1,
        "change_message": "[{\"added\": {}}]"
    }
}, {
    "model": "admin.logentry",
    "pk": 66,
    "fields": {
        "action_time": "2022-05-04T12:28:26.780Z",
        "user": 1,
        "content_type": 18,
        "object_id": "1",
        "object_repr": "Apple 16-inch",
        "action_flag": 3,
        "change_message": ""
    }
}, {
    "model": "admin.logentry",
    "pk": 67,
    "fields": {
        "action_time": "2022-05-04T16:21:10.003Z",
        "user": 1,
        "content_type": 18,
        "object_id": "2",
        "object_repr": "Apple 16-inch",
        "action_flag": 1,
        "change_message": "[{\"added\": {}}]"
    }
}, {
    "model": "admin.logentry",
    "pk": 68,
    "fields": {
        "action_time": "2022-05-11T09:56:50.783Z",
        "user": 1,
        "content_type": 18,
        "object_id": "11",
        "object_repr": "Apple 16-inch",
        "action_flag": 3,
        "change_message": ""
    }
}, {
    "model": "admin.logentry",
    "pk": 69,
    "fields": {
        "action_time": "2022-05-11T10:21:08.853Z",
        "user": 1,
        "content_type": 18,
        "object_id": "7",
        "object_repr": "Medion x350",
        "action_flag": 3,
        "change_message": ""
    }
}, {
    "model": "admin.logentry",
    "pk": 70,
    "fields": {
        "action_time": "2022-05-11T10:21:08.856Z",
        "user": 1,
        "content_type": 18,
        "object_id": "6",
        "object_repr": "Apple 16-inch",
        "action_flag": 3,
        "change_message": ""
    }
}, {
    "model": "admin.logentry",
    "pk": 71,
    "fields": {
        "action_time": "2022-05-31T09:08:09.359Z",
        "user": 1,
        "content_type": 13,
        "object_id": "38",
        "object_repr": "MSI Thin GF65",
        "action_flag": 1,
        "change_message": "[{\"added\": {}}]"
    }
}, {
    "model": "admin.logentry",
    "pk": 72,
    "fields": {
        "action_time": "2022-05-31T09:12:44.248Z",
        "user": 1,
        "content_type": 13,
        "object_id": "39",
        "object_repr": "Samsung TVM-24",
        "action_flag": 1,
        "change_message": "[{\"added\": {}}]"
    }
}, {
    "model": "admin.logentry",
    "pk": 73,
    "fields": {
        "action_time": "2022-05-31T09:19:08.315Z",
        "user": 1,
        "content_type": 13,
        "object_id": "40",
        "object_repr": "Logitech MX Keys and MX Anywhere",
        "action_flag": 1,
        "change_message": "[{\"added\": {}}]"
    }
}, {
    "model": "admin.logentry",
    "pk": 74,
    "fields": {
        "action_time": "2022-05-31T09:19:23.171Z",
        "user": 1,
        "content_type": 13,
        "object_id": "39",
        "object_repr": "Samsung TVM-24",
        "action_flag": 2,
        "change_message": "[{\"changed\": {\"fields\": [\"Price\"]}}]"
    }
}, {
    "model": "admin.logentry",
    "pk": 75,
    "fields": {
        "action_time": "2022-05-31T09:19:35.433Z",
        "user": 1,
        "content_type": 13,
        "object_id": "38",
        "object_repr": "MSI Thin GF65",
        "action_flag": 2,
        "change_message": "[{\"changed\": {\"fields\": [\"Price\"]}}]"
    }
}, {
    "model": "admin.logentry",
    "pk": 76,
    "fields": {
        "action_time": "2022-05-31T09:20:14.790Z",
        "user": 1,
        "content_type": 13,
        "object_id": "38",
        "object_repr": "MSI Thin GF65",
        "action_flag": 2,
        "change_message": "[]"
    }
}, {
    "model": "admin.logentry",
    "pk": 77,
    "fields": {
        "action_time": "2022-05-31T09:21:13.614Z",
        "user": 1,
        "content_type": 13,
        "object_id": "39",
        "object_repr": "Samsung TVM-24",
        "action_flag": 2,
        "change_message": "[{\"changed\": {\"fields\": [\"Price\"]}}]"
    }
}, {
    "model": "auth.permission",
    "pk": 1,
    "fields": {
        "name": "Can add log entry",
        "content_type": 1,
        "codename": "add_logentry"
    }
}, {
    "model": "auth.permission",
    "pk": 2,
    "fields": {
        "name": "Can change log entry",
        "content_type": 1,
        "codename": "change_logentry"
    }
}, {
    "model": "auth.permission",
    "pk": 3,
    "fields": {
        "name": "Can delete log entry",
        "content_type": 1,
        "codename": "delete_logentry"
    }
}, {
    "model": "auth.permission",
    "pk": 4,
    "fields": {
        "name": "Can view log entry",
        "content_type": 1,
        "codename": "view_logentry"
    }
}, {
    "model": "auth.permission",
    "pk": 5,
    "fields": {
        "name": "Can add permission",
        "content_type": 2,
        "codename": "add_permission"
    }
}, {
    "model": "auth.permission",
    "pk": 6,
    "fields": {
        "name": "Can change permission",
        "content_type": 2,
        "codename": "change_permission"
    }
}, {
    "model": "auth.permission",
    "pk": 7,
    "fields": {
        "name": "Can delete permission",
        "content_type": 2,
        "codename": "delete_permission"
    }
}, {
    "model": "auth.permission",
    "pk": 8,
    "fields": {
        "name": "Can view permission",
        "content_type": 2,
        "codename": "view_permission"
    }
}, {
    "model": "auth.permission",
    "pk": 9,
    "fields": {
        "name": "Can add group",
        "content_type": 3,
        "codename": "add_group"
    }
}, {
    "model": "auth.permission",
    "pk": 10,
    "fields": {
        "name": "Can change group",
        "content_type": 3,
        "codename": "change_group"
    }
}, {
    "model": "auth.permission",
    "pk": 11,
    "fields": {
        "name": "Can delete group",
        "content_type": 3,
        "codename": "delete_group"
    }
}, {
    "model": "auth.permission",
    "pk": 12,
    "fields": {
        "name": "Can view group",
        "content_type": 3,
        "codename": "view_group"
    }
}, {
    "model": "auth.permission",
    "pk": 13,
    "fields": {
        "name": "Can add user",
        "content_type": 4,
        "codename": "add_user"
    }
}, {
    "model": "auth.permission",
    "pk": 14,
    "fields": {
        "name": "Can change user",
        "content_type": 4,
        "codename": "change_user"
    }
}, {
    "model": "auth.permission",
    "pk": 15,
    "fields": {
        "name": "Can delete user",
        "content_type": 4,
        "codename": "delete_user"
    }
}, {
    "model": "auth.permission",
    "pk": 16,
    "fields": {
        "name": "Can view user",
        "content_type": 4,
        "codename": "view_user"
    }
}, {
    "model": "auth.permission",
    "pk": 17,
    "fields": {
        "name": "Can add content type",
        "content_type": 5,
        "codename": "add_contenttype"
    }
}, {
    "model": "auth.permission",
    "pk": 18,
    "fields": {
        "name": "Can change content type",
        "content_type": 5,
        "codename": "change_contenttype"
    }
}, {
    "model": "auth.permission",
    "pk": 19,
    "fields": {
        "name": "Can delete content type",
        "content_type": 5,
        "codename": "delete_contenttype"
    }
}, {
    "model": "auth.permission",
    "pk": 20,
    "fields": {
        "name": "Can view content type",
        "content_type": 5,
        "codename": "view_contenttype"
    }
}, {
    "model": "auth.permission",
    "pk": 21,
    "fields": {
        "name": "Can add session",
        "content_type": 6,
        "codename": "add_session"
    }
}, {
    "model": "auth.permission",
    "pk": 22,
    "fields": {
        "name": "Can change session",
        "content_type": 6,
        "codename": "change_session"
    }
}, {
    "model": "auth.permission",
    "pk": 23,
    "fields": {
        "name": "Can delete session",
        "content_type": 6,
        "codename": "delete_session"
    }
}, {
    "model": "auth.permission",
    "pk": 24,
    "fields": {
        "name": "Can view session",
        "content_type": 6,
        "codename": "view_session"
    }
}, {
    "model": "auth.permission",
    "pk": 25,
    "fields": {
        "name": "Can add site",
        "content_type": 7,
        "codename": "add_site"
    }
}, {
    "model": "auth.permission",
    "pk": 26,
    "fields": {
        "name": "Can change site",
        "content_type": 7,
        "codename": "change_site"
    }
}, {
    "model": "auth.permission",
    "pk": 27,
    "fields": {
        "name": "Can delete site",
        "content_type": 7,
        "codename": "delete_site"
    }
}, {
    "model": "auth.permission",
    "pk": 28,
    "fields": {
        "name": "Can view site",
        "content_type": 7,
        "codename": "view_site"
    }
}, {
    "model": "auth.permission",
    "pk": 29,
    "fields": {
        "name": "Can add email address",
        "content_type": 8,
        "codename": "add_emailaddress"
    }
}, {
    "model": "auth.permission",
    "pk": 30,
    "fields": {
        "name": "Can change email address",
        "content_type": 8,
        "codename": "change_emailaddress"
    }
}, {
    "model": "auth.permission",
    "pk": 31,
    "fields": {
        "name": "Can delete email address",
        "content_type": 8,
        "codename": "delete_emailaddress"
    }
}, {
    "model": "auth.permission",
    "pk": 32,
    "fields": {
        "name": "Can view email address",
        "content_type": 8,
        "codename": "view_emailaddress"
    }
}, {
    "model": "auth.permission",
    "pk": 33,
    "fields": {
        "name": "Can add email confirmation",
        "content_type": 9,
        "codename": "add_emailconfirmation"
    }
}, {
    "model": "auth.permission",
    "pk": 34,
    "fields": {
        "name": "Can change email confirmation",
        "content_type": 9,
        "codename": "change_emailconfirmation"
    }
}, {
    "model": "auth.permission",
    "pk": 35,
    "fields": {
        "name": "Can delete email confirmation",
        "content_type": 9,
        "codename": "delete_emailconfirmation"
    }
}, {
    "model": "auth.permission",
    "pk": 36,
    "fields": {
        "name": "Can view email confirmation",
        "content_type": 9,
        "codename": "view_emailconfirmation"
    }
}, {
    "model": "auth.permission",
    "pk": 37,
    "fields": {
        "name": "Can add social account",
        "content_type": 10,
        "codename": "add_socialaccount"
    }
}, {
    "model": "auth.permission",
    "pk": 38,
    "fields": {
        "name": "Can change social account",
        "content_type": 10,
        "codename": "change_socialaccount"
    }
}, {
    "model": "auth.permission",
    "pk": 39,
    "fields": {
        "name": "Can delete social account",
        "content_type": 10,
        "codename": "delete_socialaccount"
    }
}, {
    "model": "auth.permission",
    "pk": 40,
    "fields": {
        "name": "Can view social account",
        "content_type": 10,
        "codename": "view_socialaccount"
    }
}, {
    "model": "auth.permission",
    "pk": 41,
    "fields": {
        "name": "Can add social application",
        "content_type": 11,
        "codename": "add_socialapp"
    }
}, {
    "model": "auth.permission",
    "pk": 42,
    "fields": {
        "name": "Can change social application",
        "content_type": 11,
        "codename": "change_socialapp"
    }
}, {
    "model": "auth.permission",
    "pk": 43,
    "fields": {
        "name": "Can delete social application",
        "content_type": 11,
        "codename": "delete_socialapp"
    }
}, {
    "model": "auth.permission",
    "pk": 44,
    "fields": {
        "name": "Can view social application",
        "content_type": 11,
        "codename": "view_socialapp"
    }
}, {
    "model": "auth.permission",
    "pk": 45,
    "fields": {
        "name": "Can add social application token",
        "content_type": 12,
        "codename": "add_socialtoken"
    }
}, {
    "model": "auth.permission",
    "pk": 46,
    "fields": {
        "name": "Can change social application token",
        "content_type": 12,
        "codename": "change_socialtoken"
    }
}, {
    "model": "auth.permission",
    "pk": 47,
    "fields": {
        "name": "Can delete social application token",
        "content_type": 12,
        "codename": "delete_socialtoken"
    }
}, {
    "model": "auth.permission",
    "pk": 48,
    "fields": {
        "name": "Can view social application token",
        "content_type": 12,
        "codename": "view_socialtoken"
    }
}, {
    "model": "auth.permission",
    "pk": 49,
    "fields": {
        "name": "Can add product",
        "content_type": 13,
        "codename": "add_product"
    }
}, {
    "model": "auth.permission",
    "pk": 50,
    "fields": {
        "name": "Can change product",
        "content_type": 13,
        "codename": "change_product"
    }
}, {
    "model": "auth.permission",
    "pk": 51,
    "fields": {
        "name": "Can delete product",
        "content_type": 13,
        "codename": "delete_product"
    }
}, {
    "model": "auth.permission",
    "pk": 52,
    "fields": {
        "name": "Can view product",
        "content_type": 13,
        "codename": "view_product"
    }
}, {
    "model": "auth.permission",
    "pk": 53,
    "fields": {
        "name": "Can add category",
        "content_type": 14,
        "codename": "add_category"
    }
}, {
    "model": "auth.permission",
    "pk": 54,
    "fields": {
        "name": "Can change category",
        "content_type": 14,
        "codename": "change_category"
    }
}, {
    "model": "auth.permission",
    "pk": 55,
    "fields": {
        "name": "Can delete category",
        "content_type": 14,
        "codename": "delete_category"
    }
}, {
    "model": "auth.permission",
    "pk": 56,
    "fields": {
        "name": "Can view category",
        "content_type": 14,
        "codename": "view_category"
    }
}, {
    "model": "auth.permission",
    "pk": 57,
    "fields": {
        "name": "Can add order",
        "content_type": 15,
        "codename": "add_order"
    }
}, {
    "model": "auth.permission",
    "pk": 58,
    "fields": {
        "name": "Can change order",
        "content_type": 15,
        "codename": "change_order"
    }
}, {
    "model": "auth.permission",
    "pk": 59,
    "fields": {
        "name": "Can delete order",
        "content_type": 15,
        "codename": "delete_order"
    }
}, {
    "model": "auth.permission",
    "pk": 60,
    "fields": {
        "name": "Can view order",
        "content_type": 15,
        "codename": "view_order"
    }
}, {
    "model": "auth.permission",
    "pk": 61,
    "fields": {
        "name": "Can add order line item",
        "content_type": 16,
        "codename": "add_orderlineitem"
    }
}, {
    "model": "auth.permission",
    "pk": 62,
    "fields": {
        "name": "Can change order line item",
        "content_type": 16,
        "codename": "change_orderlineitem"
    }
}, {
    "model": "auth.permission",
    "pk": 63,
    "fields": {
        "name": "Can delete order line item",
        "content_type": 16,
        "codename": "delete_orderlineitem"
    }
}, {
    "model": "auth.permission",
    "pk": 64,
    "fields": {
        "name": "Can view order line item",
        "content_type": 16,
        "codename": "view_orderlineitem"
    }
}, {
    "model": "auth.permission",
    "pk": 65,
    "fields": {
        "name": "Can add user profile",
        "content_type": 17,
        "codename": "add_userprofile"
    }
}, {
    "model": "auth.permission",
    "pk": 66,
    "fields": {
        "name": "Can change user profile",
        "content_type": 17,
        "codename": "change_userprofile"
    }
}, {
    "model": "auth.permission",
    "pk": 67,
    "fields": {
        "name": "Can delete user profile",
        "content_type": 17,
        "codename": "delete_userprofile"
    }
}, {
    "model": "auth.permission",
    "pk": 68,
    "fields": {
        "name": "Can view user profile",
        "content_type": 17,
        "codename": "view_userprofile"
    }
}, {
    "model": "auth.permission",
    "pk": 69,
    "fields": {
        "name": "Can add review",
        "content_type": 18,
        "codename": "add_review"
    }
}, {
    "model": "auth.permission",
    "pk": 70,
    "fields": {
        "name": "Can change review",
        "content_type": 18,
        "codename": "change_review"
    }
}, {
    "model": "auth.permission",
    "pk": 71,
    "fields": {
        "name": "Can delete review",
        "content_type": 18,
        "codename": "delete_review"
    }
}, {
    "model": "auth.permission",
    "pk": 72,
    "fields": {
        "name": "Can view review",
        "content_type": 18,
        "codename": "view_review"
    }
}, {
    "model": "auth.permission",
    "pk": 73,
    "fields": {
        "name": "Can add wishlist",
        "content_type": 19,
        "codename": "add_wishlist"
    }
}, {
    "model": "auth.permission",
    "pk": 74,
    "fields": {
        "name": "Can change wishlist",
        "content_type": 19,
        "codename": "change_wishlist"
    }
}, {
    "model": "auth.permission",
    "pk": 75,
    "fields": {
        "name": "Can delete wishlist",
        "content_type": 19,
        "codename": "delete_wishlist"
    }
}, {
    "model": "auth.permission",
    "pk": 76,
    "fields": {
        "name": "Can view wishlist",
        "content_type": 19,
        "codename": "view_wishlist"
    }
}, {
    "model": "auth.permission",
    "pk": 77,
    "fields": {
        "name": "Can add contact",
        "content_type": 20,
        "codename": "add_contact"
    }
}, {
    "model": "auth.permission",
    "pk": 78,
    "fields": {
        "name": "Can change contact",
        "content_type": 20,
        "codename": "change_contact"
    }
}, {
    "model": "auth.permission",
    "pk": 79,
    "fields": {
        "name": "Can delete contact",
        "content_type": 20,
        "codename": "delete_contact"
    }
}, {
    "model": "auth.permission",
    "pk": 80,
    "fields": {
        "name": "Can view contact",
        "content_type": 20,
        "codename": "view_contact"
    }
}, {
    "model": "auth.user",
    "pk": 1,
    "fields": {
        "password": "pbkdf2_sha256$260000$0lBwu3vgdBeXzKlMkxWGQO$bOeq0YsvWfDFwir+npHwxsXCxlIlx0yyCzZTS7PAlZE=",
        "last_login": "2022-05-31T08:47:53.522Z",
        "is_superuser": true,
        "username": "NikolaV",
        "first_name": "",
        "last_name": "",
        "email": "nikola@ique.nl",
        "is_staff": true,
        "is_active": true,
        "date_joined": "2022-03-15T15:57:59.133Z",
        "groups": [],
        "user_permissions": []
    }
}, {
    "model": "auth.user",
    "pk": 2,
    "fields": {
        "password": "pbkdf2_sha256$260000$Dx82vF5aBs0CLS75N2o9V6$FvRYOcCJHM7Hpzb7LGEvKX53oUG50dALqWG2ljrSq28=",
        "last_login": "2022-05-09T21:18:15.708Z",
        "is_superuser": true,
        "username": "tutor",
        "first_name": "",
        "last_name": "",
        "email": "",
        "is_staff": true,
        "is_active": true,
        "date_joined": "2022-05-09T21:17:58.928Z",
        "groups": [],
        "user_permissions": []
    }
}, {
    "model": "auth.user",
    "pk": 3,
    "fields": {
        "password": "pbkdf2_sha256$260000$jeTcKKncFhGR7a4x5bed7P$81whK2gyNpkerchN+kxEsj5gGSTRFmcpu0gKE3W2qI8=",
        "last_login": null,
        "is_superuser": false,
        "username": "Nikola",
        "first_name": "",
        "last_name": "",
        "email": "test@test.com",
        "is_staff": false,
        "is_active": true,
        "date_joined": "2022-05-29T20:10:03.202Z",
        "groups": [],
        "user_permissions": []
    }
}, {
    "model": "contenttypes.contenttype",
    "pk": 1,
    "fields": {
        "app_label": "admin",
        "model": "logentry"
    }
}, {
    "model": "contenttypes.contenttype",
    "pk": 2,
    "fields": {
        "app_label": "auth",
        "model": "permission"
    }
}, {
    "model": "contenttypes.contenttype",
    "pk": 3,
    "fields": {
        "app_label": "auth",
        "model": "group"
    }
}, {
    "model": "contenttypes.contenttype",
    "pk": 4,
    "fields": {
        "app_label": "auth",
        "model": "user"
    }
}, {
    "model": "contenttypes.contenttype",
    "pk": 5,
    "fields": {
        "app_label": "contenttypes",
        "model": "contenttype"
    }
}, {
    "model": "contenttypes.contenttype",
    "pk": 6,
    "fields": {
        "app_label": "sessions",
        "model": "session"
    }
}, {
    "model": "contenttypes.contenttype",
    "pk": 7,
    "fields": {
        "app_label": "sites",
        "model": "site"
    }
}, {
    "model": "contenttypes.contenttype",
    "pk": 8,
    "fields": {
        "app_label": "account",
        "model": "emailaddress"
    }
}, {
    "model": "contenttypes.contenttype",
    "pk": 9,
    "fields": {
        "app_label": "account",
        "model": "emailconfirmation"
    }
}, {
    "model": "contenttypes.contenttype",
    "pk": 10,
    "fields": {
        "app_label": "socialaccount",
        "model": "socialaccount"
    }
}, {
    "model": "contenttypes.contenttype",
    "pk": 11,
    "fields": {
        "app_label": "socialaccount",
        "model": "socialapp"
    }
}, {
    "model": "contenttypes.contenttype",
    "pk": 12,
    "fields": {
        "app_label": "socialaccount",
        "model": "socialtoken"
    }
}, {
    "model": "contenttypes.contenttype",
    "pk": 13,
    "fields": {
        "app_label": "products",
        "model": "product"
    }
}, {
    "model": "contenttypes.contenttype",
    "pk": 14,
    "fields": {
        "app_label": "products",
        "model": "category"
    }
}, {
    "model": "contenttypes.contenttype",
    "pk": 15,
    "fields": {
        "app_label": "checkout",
        "model": "order"
    }
}, {
    "model": "contenttypes.contenttype",
    "pk": 16,
    "fields": {
        "app_label": "checkout",
        "model": "orderlineitem"
    }
}, {
    "model": "contenttypes.contenttype",
    "pk": 17,
    "fields": {
        "app_label": "profiles",
        "model": "userprofile"
    }
}, {
    "model": "contenttypes.contenttype",
    "pk": 18,
    "fields": {
        "app_label": "reviews",
        "model": "review"
    }
}, {
    "model": "contenttypes.contenttype",
    "pk": 19,
    "fields": {
        "app_label": "wishlist",
        "model": "wishlist"
    }
}, {
    "model": "contenttypes.contenttype",
    "pk": 20,
    "fields": {
        "app_label": "contact",
        "model": "contact"
    }
}, {
    "model": "sessions.session",
    "pk": "0ed4h0lu9w1d5211qjwnu61bsq11o6rv",
    "fields": {
        "session_data": ".eJxVjMsOwiAUBf-FddPw6AXp0r3fQHhcLGrAQGs0xn_Xmi50e2bOPImxyzyZpWE1KZCRMNL9bs76M-YVhJPNx9L7kueaXL8q_UZbfygBL_vN_QtMtk2fN0QJO653gwCppeCCAVdRqGgRNB-U5kwHzSj1KGgQTHlwIJ0QPIDV6htt2Foq2eD9muqDjLQjzd7QpBwLGee64OsNY1FDmA:1ngY62:gMZ0TulXp7P94n3PrnNNOxcC_BonIcZ7ZA4_mVLiSII",
        "expire_date": "2022-05-02T20:35:42.621Z"
    }
}, {
    "model": "sessions.session",
    "pk": "2fqmlb7kb6lp54va25ysglqqvp4dxgew",
    "fields": {
        "session_data": ".eJxVjDkOgzAQRe8yNbLwDGNjl-lzBjReWJIIJJYKcfeAREP733t_hyAd-B00eCoAweNRQCPb2jfbkudmSOBP-NiCxG8eL5A-MnaTitO4zkNQl6Juuqj3lPLvdbuPg16W_qy5NVyjqyti4wwhaUbbkm0ls8PKOtQuOV2WMVOZSNvIgU0gwsTibILjD_hNOvM:1neexF:ABqdTv3OsOnKBKsvc9Yg7JahX7XAipSf9E6zR6GwlRI",
        "expire_date": "2022-04-27T15:30:49.877Z"
    }
}, {
    "model": "sessions.session",
    "pk": "3mm4t32k310w1zorit79e496ckdyw21a",
    "fields": {
        "session_data": "eyJzYXZlX2luZm8iOmZhbHNlfQ:1ngkVp:dNidSbta6HaaYJiOYKw6AYt-PEDucR_lo2d6PUsCtuk",
        "expire_date": "2022-05-03T09:51:09.648Z"
    }
}, {
    "model": "sessions.session",
    "pk": "3ons54gawm7wvoxtkz6v8o9m83wcpnab",
    "fields": {
        "session_data": ".eJxVjssOwiAURP-FtSG9XKCPpXu_gfC4WNRAU9pEY_x3relCt3POTObJjF2X0ayVZpMCGxiww2_mrL9S3kC42Hwu3Je8zMnxTeE7rfxUAt2Ou_s3MNo6ftqtw9h5CB0Q9joKgKil8C2hVwop2N4TWq0iKGpAtiBReKdJohMC7fdVpVpTyYbuU5ofbGheb4MCPs0:1npTG8:4uHdimvb4QizbHp7nm-33uev93eUgT20Ojd99o7oDdE",
        "expire_date": "2022-05-27T11:15:00.320Z"
    }
}, {
    "model": "sessions.session",
    "pk": "52hz1kp7siea4gp0t2cyphyeczdy987w",
    "fields": {
        "session_data": "eyJiYWciOnsiMiI6MywiMSI6Mn19:1neL5G:JZZ9JdMi0ejNHz4O4ByR-MDE2WAngi3vIu2941ZcVMo",
        "expire_date": "2022-04-26T18:17:46.668Z"
    }
}, {
    "model": "sessions.session",
    "pk": "6h59ll6ftks5gxndmqtfkr20z5mbe77q",
    "fields": {
        "session_data": ".eJxVjEEOwiAQRe_C2hBgOtBx6d4zEGBAqoYmpV0Z765NutDtf-_9l_BhW6vfel78xOIstDj9bjGkR2474Htot1mmua3LFOWuyIN2eZ05Py-H-3dQQ6_fGovF0dA4AFqyYECjcQVcCRnJDI6MJiatVMqgGLRLGNFGAMMYyLF4fwCVbjY3:1nb01J:-HT2ZfTZHZ_8NSDyQHZ3WkuM28yBqNYyF-mJxGaM4LE",
        "expire_date": "2022-04-17T13:11:53.815Z"
    }
}, {
    "model": "sessions.session",
    "pk": "80gkihbv1p80yiq6tftekdexr0qltma1",
    "fields": {
        "session_data": ".eJxVjssOwiAURP-FtSG9XKCPpXu_gfC4WNRAU9pEY_x3relCt3POTObJjF2X0ayVZpMCGxiww2_mrL9S3kC42Hwu3Je8zMnxTeE7rfxUAt2Ou_s3MNo6ftqtw9h5CB0Q9joKgKil8C2hVwop2N4TWq0iKGpAtiBReKdJohMC7fdVpVpTyYbuU5ofbGheb4MCPs0:1nuDpX:Ie6EqwfuERi24QeJ4GGcO2QPgGIv4-52fUDKIVkJSVQ",
        "expire_date": "2022-06-09T13:47:11.000Z"
    }
}, {
    "model": "sessions.session",
    "pk": "8dxcrlfsivcze1bari1u0r167pb5lcrj",
    "fields": {
        "session_data": ".eJxVjEEOwiAQRe_C2hBgOtBx6d4zEGBAqoYmpV0Z765NutDtf-_9l_BhW6vfel78xOIstDj9bjGkR2474Htot1mmua3LFOWuyIN2eZ05Py-H-3dQQ6_fGovF0dA4AFqyYECjcQVcCRnJDI6MJiatVMqgGLRLGNFGAMMYyLF4fwCVbjY3:1nglGU:C5wrC2PH4swW8MbOQYlESIfpeIbI925y5YCH2MaySWw",
        "expire_date": "2022-05-03T10:39:22.414Z"
    }
}, {
    "model": "sessions.session",
    "pk": "a0jnn3v7mkohud7nhblpbq8eb69tfk7t",
    "fields": {
        "session_data": ".eJxVjMsOwiAUBf-FtSHALVC6dO83EB4XixowpTUa479rTTfdnpkzb9LcA20uqZIhuVvDA7FumUe7NJxsjmQgnOw278IVywrixZVzpaGWecqergrdaKOnGvF23NxdYHRt_L1lUrIXpu9AKqNAAJdCJ9DJoTSi00ZwEw1nLCCwCFwH6aXyACJKZ_Q_2rC1XIvF5z1PLzKwzxcpRkPj:1nj3Nc:mDeNpTYQrbQ10sDBqJmN8pvIqcjMV84lKmUbTAMR7VI",
        "expire_date": "2022-05-09T18:24:12.560Z"
    }
}, {
    "model": "sessions.session",
    "pk": "aox8frq646y4248eblo7giutkyn8az94",
    "fields": {
        "session_data": ".eJxVjssOwiAURP-FtSG9XKCPpXu_gfC4WNRAU9pEY_x3relCt3POTObJjF2X0ayVZpMCGxiww2_mrL9S3kC42Hwu3Je8zMnxTeE7rfxUAt2Ou_s3MNo6ftqtw9h5CB0Q9joKgKil8C2hVwop2N4TWq0iKGpAtiBReKdJohMC7fdVpVpTyYbuU5ofbGheb4MCPs0:1noAa1:OyMrHxOUvzfeEHW2cu-3hrqf4zDCYYmlUydJejV1mn8",
        "expire_date": "2022-05-23T21:06:09.104Z"
    }
}, {
    "model": "sessions.session",
    "pk": "b4oubezt8tby276ewkhy0kyk17mamnw6",
    "fields": {
        "session_data": ".eJxVjMsOwiAQRf-FtSHC8HTpvt9ABgakaiAp7cr479qkC93ec859sYDbWsM28hJmYhcm2el3i5geue2A7thunafe1mWOfFf4QQefOuXn9XD_DiqO-q2NNVErJTMYD9EISIiQlZfFk4hEykEiJ0s6ozZgs7QgrE9oio4OdWHvD9V0N94:1noAlj:sxXOtwoMcNROc0yWOpwtIAaZH2Eg_9ScjGNmD2KyrP4",
        "expire_date": "2022-05-23T21:18:15.756Z"
    }
}, {
    "model": "sessions.session",
    "pk": "bjp3rgpvndhgoy31gid4ulu8vw31fc4a",
    "fields": {
        "session_data": ".eJxVjssOwiAURP-FtSG9XKCPpXu_gfC4WNRAU9pEY_x3relCt3POTObJjF2X0ayVZpMCGxiww2_mrL9S3kC42Hwu3Je8zMnxTeE7rfxUAt2Ou_s3MNo6ftqtw9h5CB0Q9joKgKil8C2hVwop2N4TWq0iKGpAtiBReKdJohMC7fdVpVpTyYbuU5ofbGheb4MCPs0:1nvcBs:0_xcv7wb00tTLUJFVk9JTF6Kj8sFapFFEg2WudwNpaY",
        "expire_date": "2022-06-13T10:00:00.716Z"
    }
}, {
    "model": "sessions.session",
    "pk": "bm1g00oui9gt5759qc7sn7u4rm947bgi",
    "fields": {
        "session_data": ".eJxVjssOwiAURP-FtSG9XKCPpXu_gfC4WNRAU9pEY_x3relCt3POTObJjF2X0ayVZpMCGxiww2_mrL9S3kC42Hwu3Je8zMnxTeE7rfxUAt2Ou_s3MNo6ftqtw9h5CB0Q9joKgKil8C2hVwop2N4TWq0iKGpAtiBReKdJohMC7fdVpVpTyYbuU5ofbGheb4MCPs0:1noMD0:-I_7cao5TeeHyLjXnTfJRamM8gQzHUmQmtfEu89jLJI",
        "expire_date": "2022-05-24T09:31:10.957Z"
    }
}, {
    "model": "sessions.session",
    "pk": "bxf4td6f95trgc2439zvgvcgk6agz9ap",
    "fields": {
        "session_data": ".eJxVjssOwiAURP-FddP0coHaLt37DYTHxaIGDLRGY_x3relCt3POTObJtFnmSS-Vio6ejQxY85tZ486UVuBPJh1z63KaS7TtqrQbre0he7rsN_dvYDJ1-rR7i2HnwO-AcFCBAwQluOsJnZRI3gyO0CgZQFIHogeB3FlFAi3naL6vKtUac9J0v8byYGPXsGpupGMKmY1zWej1BuEsRPE:1nvzYB:4y673JXNFLbiZlRXDyGTDfMFxbcn22puORDHFq2DrLg",
        "expire_date": "2022-06-14T10:56:35.346Z"
    }
}, {
    "model": "sessions.session",
    "pk": "d94l2yvsw41mk5sra2tvnclsncf3o5pg",
    "fields": {
        "session_data": ".eJxVjssOwiAURP-FtSG9XKCPpXu_gfC4WNRAU9pEY_x3relCt3POTObJjF2X0ayVZpMCGxiww2_mrL9S3kC42Hwu3Je8zMnxTeE7rfxUAt2Ou_s3MNo6ftqtw9h5CB0Q9joKgKil8C2hVwop2N4TWq0iKGpAtiBReKdJohMC7fdVpVpTyYbuU5ofbGheb4MCPs0:1nslyx:Nqv2vdo4JgSkz17npLbdoUtAYrOb1g-uXcFdbIKzk34",
        "expire_date": "2022-06-05T13:50:55.140Z"
    }
}, {
    "model": "sessions.session",
    "pk": "gatkop6yu8d4of69vdpkt9fr8o5eqq8l",
    "fields": {
        "session_data": ".eJxVjMsOwiAQRf-FtSHAdKDj0r3fQHjVogZMaRON8d-1pgvd3nPueTLrlnm0S0uTzZHtmWS73827cEllBfHsyqnyUMs8Zc9XhW-08WON6XrY3L_A6Nr4eeOgsVfUd4CaNCiQqMwAZnAJSXWGlKRIUoiQQESQJqBH7QFUREfmG22ptVyLTfdbnh5sL15vHBA9dA:1nihcM:pX65rs07N0oRAs3-QotEOOma6W_RxRwl9tT_GUyUh3s",
        "expire_date": "2022-05-08T19:09:58.475Z"
    }
}, {
    "model": "sessions.session",
    "pk": "ghwgg0j1vbvth0asovc3x2o0prdt26vw",
    "fields": {
        "session_data": ".eJxVjssOwiAURP-FtSG9XKCPpXu_gfC4WNRAU9pEY_x3relCt3POTObJjF2X0ayVZpMCGxiww2_mrL9S3kC42Hwu3Je8zMnxTeE7rfxUAt2Ou_s3MNo6ftqtw9h5CB0Q9joKgKil8C2hVwop2N4TWq0iKGpAtiBReKdJohMC7fdVpVpTyYbuU5ofbGheb4MCPs0:1nqJMv:HJPF9Y3MPfHrsHZpNW7zxpCQ4hvCib5mIQiGUiIHGdM",
        "expire_date": "2022-05-29T18:53:29.163Z"
    }
}, {
    "model": "sessions.session",
    "pk": "gmpyl5f9bllhb26qdmuwneso0aubguep",
    "fields": {
        "session_data": ".eJxVjMsOwiAUBf-FtSHALVC6dO83EB63FjVgoDUa479rTTfdnpkzb9LcA23KYyHDXBc8EOuWebJLw2pTJAPhZLd5F66YVxAvLp8LDSXPNXm6KnSjjZ5KxNtxc3eBybXp95ajkr0wfQdSGQUCuBR6BD06lEZ02ghuouGMBQQWgesgvVQeQETpjP5HG7aWSrb4vKf6IgP7fAHq8kOY:1nguzj:emBM3wAbGmjANTdFt1I3nxDaLV0PdFQbbhrxYSJBmd4",
        "expire_date": "2022-05-03T21:02:43.879Z"
    }
}, {
    "model": "sessions.session",
    "pk": "gton2pnn7odx98en1p4rifkqdj5b824a",
    "fields": {
        "session_data": ".eJxVjEEOwiAQRe_C2hBgOtBx6d4zEGBAqoYmpV0Z765NutDtf-_9l_BhW6vfel78xOIstDj9bjGkR2474Htot1mmua3LFOWuyIN2eZ05Py-H-3dQQ6_fGovF0dA4AFqyYECjcQVcCRnJDI6MJiatVMqgGLRLGNFGAMMYyLF4fwCVbjY3:1ndwOx:aQsgV9Bamnyoknz870z5wi24JxjIdlZZZBrilxPRtdM",
        "expire_date": "2022-04-25T15:56:27.814Z"
    }
}, {
    "model": "sessions.session",
    "pk": "i5tw9rw9f32w1tsb7h1ml9ng2mjw8i5u",
    "fields": {
        "session_data": ".eJxVjssOwiAURP-FtSG9XKCPpXu_gfC4WNRAU9pEY_x3relCt3POTObJjF2X0ayVZpMCGxiww2_mrL9S3kC42Hwu3Je8zMnxTeE7rfxUAt2Ou_s3MNo6ftqtw9h5CB0Q9joKgKil8C2hVwop2N4TWq0iKGpAtiBReKdJohMC7fdVpVpTyYbuU5ofbGheb4MCPs0:1nnhJK:-8ZfBtWcVs7NRsCdBOUV2zV4OgqVQsrGX6zYBDjYbAw",
        "expire_date": "2022-05-22T13:50:58.215Z"
    }
}, {
    "model": "sessions.session",
    "pk": "icxvkawe9phei2mm5gglzmuq7np7qol0",
    "fields": {
        "session_data": ".eJxVjrkOgzAQRP9la2ThXdbGLtPnG9D64EgikDgqxL8HJIqknTfzNDs0sq19sy15boYEHjQUv1mQ-M7jBdJLxm5ScRrXeQjqqqibLuo5pfx53N0_QS9Lf665NVyjqyti4wwhaUbbkm0ls8PKOtQuOV2WMVOZSNvIgU0gwsTi7CUN0oHfz4NeF4Dg6Ti-_7068g:1neHrV:Vc6TXClK2UPthSagHYQnQhvrgVUtKtezO9o_T-_fu5o",
        "expire_date": "2022-04-26T14:51:21.960Z"
    }
}, {
    "model": "sessions.session",
    "pk": "ijma47tytje90bhi30w2vfr8r5yeuw7n",
    "fields": {
        "session_data": ".eJxVjssOwiAURP-FtSG9XKCPpXu_gfC4WNRAU9pEY_x3relCt3POTObJjF2X0ayVZpMCGxiww2_mrL9S3kC42Hwu3Je8zMnxTeE7rfxUAt2Ou_s3MNo6ftqtw9h5CB0Q9joKgKil8C2hVwop2N4TWq0iKGpAtiBReKdJohMC7fdVpVpTyYbuU5ofbGheb4MCPs0:1no0ht:n-ujMjvhJr8BdhV-16fmlpCNJ76gIT8InenFjVq7eX8",
        "expire_date": "2022-05-23T10:33:37.031Z"
    }
}, {
    "model": "sessions.session",
    "pk": "ik8im4248nzjmllohrikq1jvdv1bj2g6",
    "fields": {
        "session_data": ".eJxVjMsOwiAQRf-FtSHAdKDj0r3fQHjVogZMaRON8d-1pgvd3nPueTLrlnm0S0uTzZHtmWS73827cEllBfHsyqnyUMs8Zc9XhW-08WON6XrY3L_A6Nr4eeOgsVfUd4CaNCiQqMwAZnAJSXWGlKRIUoiQQESQJqBH7QFUREfmG22ptVyLTfdbnh5sL15vHBA9dA:1nZxjf:3NF5XOh3QIfsVjmkkCoW4mehSyl3mii4iceCkXjdLZY",
        "expire_date": "2022-04-14T16:33:23.294Z"
    }
}, {
    "model": "sessions.session",
    "pk": "jbhspj3odc3jl61h6z8s0ju9u68sw1cm",
    "fields": {
        "session_data": ".eJxVjMsOwiAQRf-FtSEOA7R16b7fQIZhkKqBpI-V8d-1SRe6veec-1KBtrWEbZE5TEldFKjT7xaJH1J3kO5Ub01zq-s8Rb0r-qCLHluS5_Vw_w4KLeVbdxFzz5B6EBx8NgDZW8OdIDuHkmhgQfIug5Mz2A4sGo5eLEZjkEC9P-FsN5A:1nmHkU:u2h8Vl51_0dnVqSxC2FLP8T8bFiFyM_6mWdY_X1CKjI",
        "expire_date": "2022-05-18T16:21:10.070Z"
    }
}, {
    "model": "sessions.session",
    "pk": "jqlkzujif3b0k1wfk0c73um9k40yp4yj",
    "fields": {
        "session_data": ".eJxVjssOwiAURP-FtSG9XKCPpXu_gfC4WNRAU9pEY_x3relCt3POTObJjF2X0ayVZpMCGxiww2_mrL9S3kC42Hwu3Je8zMnxTeE7rfxUAt2Ou_s3MNo6ftqtw9h5CB0Q9joKgKil8C2hVwop2N4TWq0iKGpAtiBReKdJohMC7fdVpVpTyYbuU5ofbGheb4MCPs0:1nsR8x:k710VtcqiJWI-Fktp6CY6KjEqgYDJZJ4SsKgqjhyHMg",
        "expire_date": "2022-06-04T15:35:51.330Z"
    }
}, {
    "model": "sessions.session",
    "pk": "k3co8abw31ildicd9jpn81bx13rn2kuj",
    "fields": {
        "session_data": "e30:1ngQhj:b_56hsGkBLa6KGfGvg3pC789Z9ejPk72CoPH4jtIdxU",
        "expire_date": "2022-05-02T12:42:07.049Z"
    }
}, {
    "model": "sessions.session",
    "pk": "lgd2itk5tj06su2wvn2j7gvdvw9t03va",
    "fields": {
        "session_data": ".eJxVjssOwiAURP-FtSG9XKCPpXu_gfC4WNRAU9pEY_x3relCt3POTObJjF2X0ayVZpMCGxiww2_mrL9S3kC42Hwu3Je8zMnxTeE7rfxUAt2Ou_s3MNo6ftqtw9h5CB0Q9joKgKil8C2hVwop2N4TWq0iKGpAtiBReKdJohMC7fdVpVpTyYbuU5ofbGheb4MCPs0:1noNbD:i1s-9vMvBpMsPb9TTtzPlotXKO0DIhuKH4gwFBWTL_Q",
        "expire_date": "2022-05-24T11:00:15.015Z"
    }
}, {
    "model": "sessions.session",
    "pk": "lz8v5sx5wl9kltytxme3xdci617dw23x",
    "fields": {
        "session_data": "eyJiYWciOnsiMiI6MX19:1neLJe:3wi2FBsenpl5z3HgHn8iiN09cHhOzYzIrNyJu_FKQ_w",
        "expire_date": "2022-04-26T18:32:38.594Z"
    }
}, {
    "model": "sessions.session",
    "pk": "m1pyux5g0nv0dyyu3k9005oq6cbqa0nm",
    "fields": {
        "session_data": ".eJxVjssOwiAURP-FtSG9XKCPpXu_gfC4WNRAU9pEY_x3relCt3POTObJjF2X0ayVZpMCGxiww2_mrL9S3kC42Hwu3Je8zMnxTeE7rfxUAt2Ou_s3MNo6ftqtw9h5CB0Q9joKgKil8C2hVwop2N4TWq0iKGpAtiBReKdJohMC7fdVpVpTyYbuU5ofbGheb4MCPs0:1nojSu:eosRUi7lhkrq4bXgafiJhUPBh1xSiFPpzma6UFmRhzc",
        "expire_date": "2022-05-25T10:21:08.923Z"
    }
}, {
    "model": "sessions.session",
    "pk": "ns7lx3r5f4ca4p69l8i9z02yd7g7gr99",
    "fields": {
        "session_data": "eyJiYWciOnsiMiI6Mn19:1neLQd:NPyCaj0YPto_XBbHJfnq5QfCnfzR0RtfCLeBq10hErI",
        "expire_date": "2022-04-26T18:39:51.968Z"
    }
}, {
    "model": "sessions.session",
    "pk": "q5kr0q1z685d9ftlcoc5oue9xifalb49",
    "fields": {
        "session_data": ".eJxVjssOwiAURP-FtSG9XKCPpXu_gfC4WNRAU9pEY_x3relCt3POTObJjF2X0ayVZpMCGxiww2_mrL9S3kC42Hwu3Je8zMnxTeE7rfxUAt2Ou_s3MNo6ftqtw9h5CB0Q9joKgKil8C2hVwop2N4TWq0iKGpAtiBReKdJohMC7fdVpVpTyYbuU5ofbGheb4MCPs0:1nslV5:RMdw9lOuDCMlJPU7Bxa5GAtNWzuDh9nHlF--3oSY6KQ",
        "expire_date": "2022-06-05T13:20:03.755Z"
    }
}, {
    "model": "sessions.session",
    "pk": "qjngrsdpurnheobdnkoekt1iczwhnp34",
    "fields": {
        "session_data": ".eJxVjssOwiAURP-FtSG9XKCPpXu_gfC4WNRAU9pEY_x3relCt3POTObJjF2X0ayVZpMCGxiww2_mrL9S3kC42Hwu3Je8zMnxTeE7rfxUAt2Ou_s3MNo6ftqtw9h5CB0Q9joKgKil8C2hVwop2N4TWq0iKGpAtiBReKdJohMC7fdVpVpTyYbuU5ofbGheb4MCPs0:1nvRic:6L_X5Odn40lwen1P5g2SKnMIf1PTIaHF43QUNZ4yZeg",
        "expire_date": "2022-06-12T22:49:06.735Z"
    }
}, {
    "model": "sessions.session",
    "pk": "r8c2dcg5slt1ec9kycfw9iocv49qthsr",
    "fields": {
        "session_data": ".eJxVjssOwiAURP-FtSG9XKCPpXu_gfC4WNRAU9pEY_x3relCt3POTObJjF2X0ayVZpMCGxiww2_mrL9S3kC42Hwu3Je8zMnxTeE7rfxUAt2Ou_s3MNo6ftqtw9h5CB0Q9joKgKil8C2hVwop2N4TWq0iKGpAtiBReKdJohMC7fdVpVpTyYbuU5ofbGheb4MCPs0:1nsluU:pijpxQpkDeCWX0wDy9UtB7HjQqVwTFEKABlMSWpe-Cc",
        "expire_date": "2022-06-05T13:46:18.613Z"
    }
}, {
    "model": "sessions.session",
    "pk": "shwiermcv8injujcusx54l8fwu7xsz9v",
    "fields": {
        "session_data": ".eJxVjssOwiAURP-FtSG9XKCPpXu_gfC4WNRAU9pEY_x3relCt3POTObJjF2X0ayVZpMCGxiww2_mrL9S3kC42Hwu3Je8zMnxTeE7rfxUAt2Ou_s3MNo6ftqtw9h5CB0Q9joKgKil8C2hVwop2N4TWq0iKGpAtiBReKdJohMC7fdVpVpTyYbuU5ofbGheb4MCPs0:1noYlF:hZkYqP498PdTV4YTjXQoHTn8C5zVDaQwhd2i4JtA7QM",
        "expire_date": "2022-05-24T22:55:21.772Z"
    }
}, {
    "model": "sessions.session",
    "pk": "sk3a364o2hyl337sswylfrztl17pq0un",
    "fields": {
        "session_data": ".eJxVjssOwiAURP-FtSG9XKCPpXu_gfC4WNRAU9pEY_x3relCt3POTObJjF2X0ayVZpMCGxiww2_mrL9S3kC42Hwu3Je8zMnxTeE7rfxUAt2Ou_s3MNo6ftqtw9h5CB0Q9joKgKil8C2hVwop2N4TWq0iKGpAtiBReKdJohMC7fdVpVpTyYbuU5ofbGheb4MCPs0:1npGaa:67tzSLDF7_729M1ADTnsgbuC4xF_xivu-bG0uFAygd0",
        "expire_date": "2022-05-26T21:43:16.093Z"
    }
}, {
    "model": "sessions.session",
    "pk": "spb59dstpfpiqu3t2ccu3otsdo6ugk5h",
    "fields": {
        "session_data": "e30:1ngQhS:JWKomlyPSBE5qYBBuyTBg16VeFf0Qjz1hTS5eEQGuvg",
        "expire_date": "2022-05-02T12:41:50.678Z"
    }
}, {
    "model": "sessions.session",
    "pk": "vpkq2twwtt7z7ov26ktih82c318lhm4f",
    "fields": {
        "session_data": "eyJiYWciOnsiMiI6Mn19:1neLBT:LwFkt-qoxwPL4N_qUscnV8Pfx_RTt08Rjq882TMsP1s",
        "expire_date": "2022-04-26T18:24:11.115Z"
    }
}, {
    "model": "sessions.session",
    "pk": "wmzcb67tsdbhv3yodh7e14u5nfqdxao9",
    "fields": {
        "session_data": ".eJxVjMsOwiAUBf-FdUOA2wvSpXu_gfBqixowpU00Tf9da7rQ7Zk5sxJjl3k0S42TSYF0hJPmd3PW32LeQbjaPBTqS56n5Oiu0INWeikh3s-H-xcYbR0_b-wlnoQ-tYBSSxDAUageVG8jatEqLbgOmjPmI7AAXHl0KB2ACGi1-kZrrDWVbOLzkaYX6VhDnB1It27bG0_lQEA:1nhWOh:Zl9DseSyD4iofXp1O3qX66F2Ax-BEp80wmcmrRqG2zQ",
        "expire_date": "2022-05-05T12:58:59.227Z"
    }
}, {
    "model": "sessions.session",
    "pk": "xo648o5u65g1vpk7guvl6sde5ttbyww1",
    "fields": {
        "session_data": ".eJxVjssOwiAURP-FtSG9XKC1S_d-A-FxsagBA63RGP9dm3TT7Zwzk_kw06i1VLKh1yPVNxu7AzN2mSezNKomBTYyYLvMWX-jvIJwtflSuC95rsnxVeEbbfxcAt1Pm7sbmGyb_u3eYRw8hAEIjzoKgKil8D2hVwop2KMntFpFUNSB7EGi8E6TRCcE2vVVs08yKcfCxrku9P0BaIFE8Q:1nvS2W:d3G_kzEPjPQUsif89vE2jt-pFW4thGtna20OU8z97D0",
        "expire_date": "2022-06-12T23:09:40.394Z"
    }
}, {
    "model": "sites.site",
    "pk": 1,
    "fields": {
        "domain": "nvacomputers.example.com",
        "name": "NVA Computers"
    }
}, {
    "model": "account.emailaddress",
    "pk": 1,
    "fields": {
        "user": 1,
        "email": "nikola@ique.nl",
        "verified": false,
        "primary": false
    }
}, {
    "model": "account.emailaddress",
    "pk": 2,
    "fields": {
        "user": 1,
        "email": "nikolav@ique.nl",
        "verified": true,
        "primary": true
    }
}, {
    "model": "account.emailaddress",
    "pk": 3,
    "fields": {
        "user": 3,
        "email": "test@test.com",
        "verified": false,
        "primary": true
    }
}, {
    "model": "products.category",
    "pk": 1,
    "fields": {
        "name": "pc",
        "friendly_name": "PC"
    }
}, {
    "model": "products.category",
    "pk": 2,
    "fields": {
        "name": "laptop",
        "friendly_name": "Laptop"
    }
}, {
    "model": "products.category",
    "pk": 3,
    "fields": {
        "name": "monitors",
        "friendly_name": "Monitors"
    }
}, {
    "model": "products.category",
    "pk": 4,
    "fields": {
        "name": "keyboards",
        "friendly_name": "Keyboards"
    }
}, {
    "model": "products.category",
    "pk": 5,
    "fields": {
        "name": "mouse",
        "friendly_name": "Mouse"
    }
}, {
    "model": "products.category",
    "pk": 6,
    "fields": {
        "name": "speakers",
        "friendly_name": "Speakers"
    }
}, {
    "model": "products.category",
    "pk": 7,
    "fields": {
        "name": "headphones",
        "friendly_name": "Headphones"
    }
}, {
    "model": "products.category",
    "pk": 8,
    "fields": {
        "name": "cables",
        "friendly_name": "Cables"
    }
}, {
    "model": "products.category",
    "pk": 9,
    "fields": {
        "name": "deals",
        "friendly_name": "Deals"
    }
}, {
    "model": "products.product",
    "pk": 3,
    "fields": {
        "category": 1,
        "sku": "A101",
        "name": "Apple 16-inch",
        "description": "This pc is a 16-inch and has a beautiful 5k screen. \r\nSo if you use a program like photo shop you can see every little detail.\r\nIt has a 16 RAM in it. \r\nYou can run heavy programs and games on it.",
        "specs": "RAM: 16GB\r\nScreen size: 16 inch \r\nTouchscreen included \r\nBluetooth: Yes",
        "price": "1600.00",
        "rating": "4.00",
        "image_url": null,
        "image": "gabriel-beaudry-5X5dCf4Pp44-unsplash.jpg"
    }
}, {
    "model": "products.product",
    "pk": 4,
    "fields": {
        "category": 1,
        "sku": "A102",
        "name": "Apple imac desktop",
        "description": "This sleak desktop will run any program that you can think of and even more!\r\nThe graphics will make any photo or video look like a professional one. \r\nThe sound is amazing.",
        "specs": "Build in speakers: No\r\nCD drive: included \r\nType material: Aluminium \r\nProcessor: Intel i9",
        "price": "1700.00",
        "rating": "4.00",
        "image_url": null,
        "image": "nana-dua-aDdri5jsFZk-unsplash.jpg"
    }
}, {
    "model": "products.product",
    "pk": 5,
    "fields": {
        "category": 1,
        "sku": "A103",
        "name": "Lian Li Bauer",
        "description": "This is al beautiful gaming desktop with RGB lights built in. \r\nYou can change the colors in every color that you want. \r\nHe is powerful enough for the biggest games.",
        "specs": "turbo speed: 5,6 GHz\r\nRAM: 32 GB\r\nSystem: Windows \r\nUSB-A poort: 4 pieces",
        "price": "1950.00",
        "rating": "5.00",
        "image_url": null,
        "image": "olivier-collet-VDGBFiaM6Cs-unsplash.jpg"
    }
}, {
    "model": "products.product",
    "pk": 6,
    "fields": {
        "category": 1,
        "sku": "A104",
        "name": "Medion x350",
        "description": "This desktop gives you the ability to hide al your buttons that why it gives a sleak  look. \r\nThe pc is perfect for office work or design work. \r\nThis has a CD drive hidden which makes it backward compatible  with  old pc's.\r\nIf you are dissatisfied with the product you can return it in 30 days.",
        "specs": "CD drive: Yes\r\nRAM: 8 GB \r\nType of storage: SSD + HDD\r\nBluetooth: Yes",
        "price": "560.00",
        "rating": "3.00",
        "image_url": null,
        "image": "WhatsApp_Image_2022-04-17_at_16.29.41.jpeg"
    }
}, {
    "model": "products.product",
    "pk": 7,
    "fields": {
        "category": 2,
        "sku": "A201",
        "name": "Acer Y346",
        "description": "This laptop has a  beautiful HD screen. \r\nIt is a 17 inch screen with a built in webcamera that you can turn it on and off. \r\nThis laptop has touchscreen.",
        "specs": "Touchscreen: Yes\r\nOperating system: Windows \r\nRAM: 8 GB \r\nScreen size: 14 inch",
        "price": "680.00",
        "rating": "4.00",
        "image_url": null,
        "image": "anete-lusina-zwsHjakE_iI-unsplash.jpg"
    }
}, {
    "model": "products.product",
    "pk": 8,
    "fields": {
        "category": 2,
        "sku": "A202",
        "name": "Dell G534",
        "description": "This laptop has a webcam that below the screen. \r\nthe laptop is easy to take with you if you are traveling because he is a light weigh. \r\nIt is a 14 inch laptop.",
        "specs": "Type of storage: SSD\r\nHeadphone connection: Yes\r\nKeyboard layout: QWERTY\r\nHDMI : Yes",
        "price": "549.00",
        "rating": "3.00",
        "image_url": null,
        "image": "erick-cerritos-i5UV2HpITYA-unsplash.jpg"
    }
}, {
    "model": "products.product",
    "pk": 9,
    "fields": {
        "category": 2,
        "sku": "A203",
        "name": "HP 5g478",
        "description": "This HP laptop is a very compact laptop that can run photo shop and video added very good and easy. \r\nAlso you can play games like minecraft. \r\nThe battery can go for 7 hours without charging the battery.\r\nWith this laptop you get free microsoft office.",
        "specs": "Battery: 7 hours\r\nOffice word: Yes\r\nImage quality: HD \r\nWifi: Yes",
        "price": "750.00",
        "rating": "4.00",
        "image_url": null,
        "image": "kari-shea-1SAnrIxw5OY-unsplash.jpg"
    }
}, {
    "model": "products.product",
    "pk": 10,
    "fields": {
        "category": 2,
        "sku": "A204",
        "name": "HP y344",
        "description": "This laptop has anti reflective screen so if you are in the garden or somewhere outside and the sun is shining you don't have to worry because the screen will screen will not reflect. \r\nthis laptop can keep up to 10 hours without charging. \r\nso it is a good laptop for traveling.",
        "specs": "Battery: 10 hours\r\nWebcam: Yes \r\nScreen quality: HD\r\nUSB connection: 3 included",
        "price": "900.00",
        "rating": "4.00",
        "image_url": null,
        "image": "mika-baumeister-7KLpKCG05vI-unsplash.jpg"
    }
}, {
    "model": "products.product",
    "pk": 11,
    "fields": {
        "category": 2,
        "sku": "A205",
        "name": "MSi G500",
        "description": "His laptop is a gaming laptop and can run any game. \r\nAlso you can run video editor and foto shop on it. \r\nIt has a beautiful keyboard with lights in it you can change the colors in every color you like.",
        "specs": "Keyboard backlight: Yes/red\r\nScreen size: 16 inch \r\nProcessor: i7\r\ntype storage: SSD",
        "price": "1500.00",
        "rating": "4.00",
        "image_url": null,
        "image": "vadim-artyukhin-bBqMGSGaOXw-unsplash.jpg"
    }
}, {
    "model": "products.product",
    "pk": 14,
    "fields": {
        "category": 4,
        "sku": "A301",
        "name": "Logitech EditorsKeys",
        "description": "This keyboard is good for office works because of the ergonomics. You can type for a long time without hurting your hands and it has a sleek design.",
        "specs": "Connection: Wireless\r\nErgonomic design: Yes\r\nBluetooth: Yes\r\nBacklight: Yes",
        "price": "120.00",
        "rating": "4.20",
        "image_url": null,
        "image": "editors-keys-CtDrd7mWW6M-unsplash.jpg"
    }
}, {
    "model": "products.product",
    "pk": 15,
    "fields": {
        "category": 4,
        "sku": "A302",
        "name": "Red Dragon rd305",
        "description": "This keyboard has a gaming look with RGB lights. With software from reddragon you can change every key's color to what you want. It is good for gaming",
        "specs": "Suitable for gaming: Yes\r\nConnection type: Wire\r\nRGB: Yes\r\nType: Mechanical",
        "price": "70.00",
        "rating": "3.80",
        "image_url": null,
        "image": "rebekah-yip-42-_8bvyBz8-unsplash.jpg"
    }
}, {
    "model": "products.product",
    "pk": 16,
    "fields": {
        "category": 4,
        "sku": "A303",
        "name": "Logitech TinyKeys",
        "description": "This keyboard is very compact and light. Its good for traveling around with. It's also a wireless keyboard to make it easier.",
        "specs": "Backlight: No\r\nPowersuply: Internal battery\r\nBluetooth: Yes\r\nFlat keys: Yes",
        "price": "80.00",
        "rating": "4.50",
        "image_url": null,
        "image": "sebastian-banasiewcz-CMs6ZGOdyho-unsplash.jpg"
    }
}, {
    "model": "products.product",
    "pk": 17,
    "fields": {
        "category": 4,
        "sku": "A304",
        "name": "Trust b7",
        "description": "This is a wired keyboard so no worries about charging it. It's a simple and minimalistic design",
        "specs": "Connection: Wire\r\nBacklight: No\r\nBluetooth: No",
        "price": "30.00",
        "rating": "3.60",
        "image_url": null,
        "image": "olena-sergienko-cHlK4sZXOQo-unsplash.jpg"
    }
}, {
    "model": "products.product",
    "pk": 18,
    "fields": {
        "category": 4,
        "sku": "A305",
        "name": "Redkeys 350",
        "description": "This is a mechanical keyboard so if you have to work for long hours than this is a perfect suit for you. It is wireless and you can use it for up to 3 weeks before charging it again.",
        "specs": "Bluetooth: Yes\r\nConnection: Wireless/wired\r\nPowersuply: Internal battery\r\nBacklight: No",
        "price": "90.00",
        "rating": "4.80",
        "image_url": null,
        "image": "stefen-tan-KYw1eUx1J7Y-unsplash.jpg"
    }
}, {
    "model": "products.product",
    "pk": 19,
    "fields": {
        "category": 5,
        "sku": "A401",
        "name": "Logitech G100",
        "description": "This mouse has a damper in it so it is as quiet as a mouse. You don't have to worry about your colleagues being noisy.",
        "specs": "Bluetooth: Yes\r\nSilent: Yes\r\nPowersuply: 2x AAA Bettery",
        "price": "50.00",
        "rating": "4.10",
        "image_url": null,
        "image": "frankie-VghbBAYqUJ0-unsplash.jpg"
    }
}, {
    "model": "products.product",
    "pk": 20,
    "fields": {
        "category": 5,
        "sku": "A402",
        "name": "Logitech A201",
        "description": "This is a very small compact wireless mouse. You can easily travel with it. It also helps that it is a bluetooth mouse with interchangeable batteries.",
        "specs": "Bluetooth: Yes\r\nPowersuply: 2x AAA Batteries\r\nCompact: Yes",
        "price": "25.00",
        "rating": "3.60",
        "image_url": null,
        "image": "jeremy-bezanger-gyIMi9RdUTs-unsplash.jpg"
    }
}, {
    "model": "products.product",
    "pk": 21,
    "fields": {
        "category": 5,
        "sku": "A403",
        "name": "Windows Mouse",
        "description": "This is a very simple ergonomic mouse for making long hours with. It helps that its very thin and very lightweight. The batteries will last up to a month depending on the use.",
        "specs": "Ergonomic: Yes\r\nWireless: Yes\r\nPowersuply: Internal battery",
        "price": "90.00",
        "rating": "3.90",
        "image_url": null,
        "image": "katlyn-luz-JOef0jIIYDM-unsplash.jpg"
    }
}, {
    "model": "products.product",
    "pk": 22,
    "fields": {
        "category": 5,
        "sku": "A404",
        "name": "Logitech G150",
        "description": "This is a wired gaming mouse. It has programmable keys on the side using Logitec's software. You lights can be changed or give it a certain pattern also with the Logitec app.",
        "specs": "Connection: Wired\r\nRGB: Yes\r\nProgrammable keys: Yes",
        "price": "80.00",
        "rating": "4.30",
        "image_url": null,
        "image": "ryan-putra-j4PqlNVZ4Bc-unsplash.jpg"
    }
}, {
    "model": "products.product",
    "pk": 23,
    "fields": {
        "category": 5,
        "sku": "A405",
        "name": "Logitech MX Master3",
        "description": "This is a very large very comfortable mouse to use. All the keys accept the left and right clicks are programmable to do what you want them to do. Besides the main scroll button in the middle theres an extra one  which you can program to for example zoom in and out.",
        "specs": "Wireless: Yes\r\nSilent: No\r\nPowersuply: Internal battery\r\nProgrammable keys: Yes",
        "price": "110.00",
        "rating": "4.80",
        "image_url": null,
        "image": "stefen-tan-ndUby2p2ptY-unsplash.jpg"
    }
}, {
    "model": "products.product",
    "pk": 24,
    "fields": {
        "category": 7,
        "sku": "A501",
        "name": "Corsair gt500",
        "description": "This is a simple stealthy gaming headset. It uses a 3.5mm jack so you can use it with anything that has it. There is removable microphone included. With thick soft foam on top it's very comfortable as well and you can use it comfortable for long gaming sessions or listening to music",
        "specs": "Bluetooth: No\r\nType connection: Wired\r\nSurround sound: Yes/7.1 virtual surround sound\r\nSpeaker drivers: 50mm\r\nControl buttons: Yes\r\nType fit: Overear",
        "price": "70.00",
        "rating": "4.10",
        "image_url": null,
        "image": "andrew-m-d4Bk6VRyfXo-unsplash.jpg"
    }
}, {
    "model": "products.product",
    "pk": 25,
    "fields": {
        "category": 7,
        "sku": "A502",
        "name": "Razer Nari Ultimate",
        "description": "The ultimate gaming headset. This is made for gamers who really want the feeling that they are inside the game they are playing. With extra haptic feedback motors in both auricles it will give the game an extra depth. You will be able to feel every bullet going beside you and every explosion happening.",
        "specs": "Bluetooth: Yes\r\nType connection: Wireless/wired\r\nBattery: 20 hours\r\nSurround sound: Yes/7.1\r\nSpeaker drivers: 50mm\r\nControl buttons: Yes\r\nType fit: Overear",
        "price": "200.00",
        "rating": "4.60",
        "image_url": null,
        "image": "anton-maksimov-5642-su-_jn3oOccQtM-unsplash.jpg"
    }
}, {
    "model": "products.product",
    "pk": 26,
    "fields": {
        "category": 7,
        "sku": "A503",
        "name": "Bose Comfort 45",
        "description": "This is the best of the best when it comes to sound quality, comfort and noise canceling. It's very light so you will be able to listen to your music for long periods of time. It has one of the best noise canceling out there. You are able to adjust the noise canceling through the Bose app. It also helps that its wireless so you have all the freedom.",
        "specs": "Bluetooth: Yes\r\nType connection: Wireless/wired\r\nBattery: 24 hours\r\nSurround sound: No\r\nControl buttons: Yes\r\nType fit: Overear",
        "price": "350.00",
        "rating": "4.80",
        "image_url": null,
        "image": "anubhav-arora-_RlzDPORSOM-unsplash.jpg"
    }
}, {
    "model": "products.product",
    "pk": 27,
    "fields": {
        "category": 7,
        "sku": "A504",
        "name": "Steelseries Arctis 7x",
        "description": "This is a very high quality stealthy gaming headset. While gaming you will be able to head the exact location of footsteps from your rivals. Being wireless and long lasting battery it will keep your gaming setup clean. Very comfortable cushions you will be able to enjoy gaming for a long time.",
        "specs": "Bluetooth: Yes\r\nType connection: Wireless/wired\r\nBattery: 28 hours\r\nSurround sound: Yes/7.1 virtual surround sound\r\nSpeaker drivers: 40mm\r\nControl buttons: Yes\r\nType fit: Overear",
        "price": "180.00",
        "rating": "4.60",
        "image_url": null,
        "image": "brandon-green-aiWjNA46Urc-unsplash.jpg"
    }
}, {
    "model": "products.product",
    "pk": 28,
    "fields": {
        "category": 7,
        "sku": "A505",
        "name": "Audio Technica ATH-M70x",
        "description": "These headphones are purely music focused. Also if your are an artist you will be happy using these headphones. It's made partially out of aluminum to give it that high quality feeling and sturdiness. It's aso extremely comfortable so you will be able to use them for long periods of time.",
        "specs": "Bluetooth: No\r\nType connection: Wired\r\nSpeaker drivers: 50mm\r\nType fit: Overear\r\nControl buttons: No",
        "price": "250.00",
        "rating": "4.80",
        "image_url": null,
        "image": "ian-powell-IZq4N_ObNv4-unsplash.jpg"
    }
}, {
    "model": "products.product",
    "pk": 29,
    "fields": {
        "category": 8,
        "sku": "A601",
        "name": "Apple Lightning USB-A to Lightning",
        "description": "Use this cable to recharge your apple products or move around some data to your pc. With 1 meters length it should be enough if your charging your phone and don't necessarily want to use it freely.",
        "specs": "Ports: Lightning to USB-A\r\nLength: 1 meter\r\nDevices: iPhone, Apple Watch, iPad, Airpods",
        "price": "25.00",
        "rating": "4.00",
        "image_url": null,
        "image": "adam-birkett-6cXZnFCd2KQ-unsplash.jpg"
    }
}, {
    "model": "products.product",
    "pk": 30,
    "fields": {
        "category": 8,
        "sku": "A602",
        "name": "HDMI",
        "description": "With this ultra high speed cable you will be able to get 8k content if your TV/Monitor supports it. To play 8k movies you will need to buy or stream an 8k move. You will also need an 8k receiver to play those movies.",
        "specs": "Port: HDMI\r\nLengt: 2 meters\r\nDevices: TV's, Monitors",
        "price": "30.00",
        "rating": "4.10",
        "image_url": null,
        "image": "jeremy-bezanger-BBB-vOPfeVs-unsplash.jpg"
    }
}, {
    "model": "products.product",
    "pk": 31,
    "fields": {
        "category": 8,
        "sku": "A603",
        "name": "Ethernet cable 5 meters",
        "description": "Get fast reliable wired internet by plugging this cable into your router and a device of choice. Before buying check if your device supports an ethernet cable. With 5 meters you should be able to get almost anywhere inside your home.",
        "specs": "Port: Ethernet\r\nLength: 5 meters\r\nDevices: Laptop, PC, Smart TV, Router, PS4, PS5, Xbox \r\nMaximum speed: 10gbps",
        "price": "20.00",
        "rating": "4.20",
        "image_url": null,
        "image": "markus-spiske-uBcgQA7fwEA-unsplash.jpg"
    }
}, {
    "model": "products.product",
    "pk": 32,
    "fields": {
        "category": 8,
        "sku": "A604",
        "name": "Baseus USB-C cable",
        "description": "This is a high speed USB-C cable. With this you will be able to transfer your data with high speeds up to 5gbps. If you have an USB-C power brick you can also re-charge your mobile devices with it.",
        "specs": "Ports: Lightning to USB-C to USB-C\r\nLength: 1 meter \r\nDevices: Android devices, Laptop, PC\r\nMaximum Speed: 5gbps",
        "price": "15.00",
        "rating": "4.40",
        "image_url": null,
        "image": "mika-baumeister-RWxeE7wu1T8-unsplash.jpg"
    }
}, {
    "model": "products.product",
    "pk": 33,
    "fields": {
        "category": 8,
        "sku": "A605",
        "name": "Audio cable 3 meter",
        "description": "With this cable you can plug it in from tv, pc, mobile device to your home entertainment  system that has RCA support. It's a 3 meter 3.5mm jack to RCA plug.",
        "specs": "Ports: 3.5 mm jack to 2X RCA\r\nLength: 3 meters\r\nDevices: Mobile phones, TV PC, Home entertainment system",
        "price": "10.00",
        "rating": "4.20",
        "image_url": null,
        "image": "vincent-botta-l5n5faAOS3M-unsplash.jpg"
    }
}, {
    "model": "products.product",
    "pk": 34,
    "fields": {
        "category": 3,
        "sku": "A701",
        "name": "HP 26HLM",
        "description": "This high resolution 26 inch monitor is a great edition for your office. With realistic colors it's perfect for things like video/photo editing. It also has an adjustable stand to find the perfect position.",
        "specs": "Ports: 2x HDMI in 3.5 mm audio out\r\nSize: 26inch\r\nResolution: 3840 x 2160 pixels\r\nScreen type: IPS",
        "price": "400.00",
        "rating": "4.40",
        "image_url": null,
        "image": "dhru-j-1Ksz0Q1NU3k-unsplash.jpg"
    }
}, {
    "model": "products.product",
    "pk": 35,
    "fields": {
        "category": 3,
        "sku": "A702",
        "name": "LG LS22",
        "description": "This 22 inch screen should fit nicely on a smaller desk or workspace. It has very small bezels and a still big looking screen. You should be able to do your work quite nicely with this screen or game on it.",
        "specs": "Ports: 1x HDMI in 3.5 mm audio out\r\nSize: 26inch\r\nResolution: 1920x 1080 pixels\r\nScreen type: IPS",
        "price": "230.00",
        "rating": "3.90",
        "image_url": null,
        "image": "jhon-paul-dela-cruz-MsUoPe1Lcco-unsplash.jpg"
    }
}, {
    "model": "products.product",
    "pk": 36,
    "fields": {
        "category": 3,
        "sku": "A703",
        "name": "Acer ACM24",
        "description": "This is a 24 inch full HD monitor. It's perfect if you want a monitor to do some work on or use it as an extension to your laptop. It has very thin bezels to keep your workspace nice and clean looking and a glass screen. Colors will look pretty and vivid due to the beautiful OLED screen",
        "specs": "Ports: 2x HDMI in 3.5 mm audio out\r\nSize: 24inch\r\nResolution: 1920 x 1080 pixels\r\nScreen type: OLED",
        "price": "1500.00",
        "rating": "4.70",
        "image_url": null,
        "image": "kitai-jogia-zhvaeh-R9rA-unsplash.jpg"
    }
}, {
    "model": "products.product",
    "pk": 37,
    "fields": {
        "category": 3,
        "sku": "A704",
        "name": "LG WC20C",
        "description": "Do you have alot of video meetings and don't want a separate webcam. Than this is the monitor for you. It has a full HD webcam built into the top part of the monitor. Besides that it's a full HD screen with good looking colors so not only will you look good, but also the people you are talking to will look sharp as long as there is a good internet connection.",
        "specs": "Ports: 2x HDMI in 3.5 mm audio out\r\nSize: 240nch\r\nResolution: 1920 x 1080 pixels\r\nScreen type: IPS \r\nBuiltin webcam: Yes",
        "price": "350.00",
        "rating": "4.00",
        "image_url": null,
        "image": "rohit-KZnfwqi-B0U-unsplash.jpg"
    }
}, {
    "model": "products.product",
    "pk": 38,
    "fields": {
        "category": 9,
        "sku": "A801",
        "name": "MSI Thin GF65",
        "description": "This is a very thin high performance gaming laptop.  It's light weight makes it very portable for a 17 inch gaming laptop",
        "specs": "Processor: Intel i7\r\nGraphics card: GeForce GTX 1660Ti\r\nRAM: 8GB\r\nDisplay: LCD",
        "price": "1000.00",
        "rating": null,
        "image_url": null,
        "image": "aalaptop_h1Ngz5o.jpg"
    }
}, {
    "model": "products.product",
    "pk": 39,
    "fields": {
        "category": 9,
        "sku": "A802",
        "name": "Samsung TVM-24",
        "description": "This is a TV-monitor combination. It's perfect if you want to use it as a normal tv. But being a monitor and being 24 inches it's also ideal if you want to use it as a second screen for a laptop or PC",
        "specs": "Ports: 2x HDMI in 3.5 mm audio out, 1x USB port, TV cable, VGA\r\nSize: 24inch \r\nResolution: 1920 x 1080 pixels \r\nScreen type: LCD",
        "price": "150.00",
        "rating": null,
        "image_url": null,
        "image": "aamonitor_PDIChsc.jpg"
    }
}, {
    "model": "products.product",
    "pk": 40,
    "fields": {
        "category": 9,
        "sku": "A803",
        "name": "Logitech MX Keys and MX Anywhere",
        "description": "The perfect combination of mouse and keyboard. With the logitech app you can add these two products and customize what certain keys do what in different situations. The MX keys has a on toutch backlight function which turns the backlight on upon use.",
        "specs": "Backlight: Yes\r\nBluetooth: Yes\r\nPower supply: Rechargeable battery",
        "price": "80.00",
        "rating": null,
        "image_url": null,
        "image": "aakeyboard-mouse_MnPMznQ.jpg"
    }
}, {
    "model": "checkout.order",
    "pk": 1,
    "fields": {
        "order_number": "3C28B483E337483E88C784B3D7BD2FC8",
        "user_profile": null,
        "full_name": "test",
        "email": "test@test.com",
        "phone_number": "1234567890",
        "country": "US",
        "postcode": "12345",
        "town_or_city": "anywhere",
        "street_address1": "anywhere",
        "street_address2": null,
        "county": "anywhere",
        "date": "2022-04-14T16:11:29.116Z",
        "delivery_cost": "0.00",
        "order_total": "0.00",
        "grand_total": "0.00",
        "original_bag": "",
        "stripe_pid": ""
    }
}, {
    "model": "checkout.order",
    "pk": 2,
    "fields": {
        "order_number": "D3A9D142CF984145962A2BEF4B754E69",
        "user_profile": null,
        "full_name": "test",
        "email": "test@test.com",
        "phone_number": "1234567890",
        "country": "US",
        "postcode": "12345",
        "town_or_city": "anywhere",
        "street_address1": "anywhere",
        "street_address2": null,
        "county": "anywhere",
        "date": "2022-04-14T16:19:38.343Z",
        "delivery_cost": "0.00",
        "order_total": "0.00",
        "grand_total": "0.00",
        "original_bag": "",
        "stripe_pid": ""
    }
}, {
    "model": "checkout.order",
    "pk": 5,
    "fields": {
        "order_number": "45BD6A6B7CB347F99A1A1F96F6E42F24",
        "user_profile": null,
        "full_name": "hthj",
        "email": "test@test.com",
        "phone_number": "1234567890",
        "country": "US",
        "postcode": "12345",
        "town_or_city": "anywhere",
        "street_address1": "anywhere",
        "street_address2": null,
        "county": "anywhere",
        "date": "2022-04-15T14:19:09.933Z",
        "delivery_cost": "0.00",
        "order_total": "0.00",
        "grand_total": "0.00",
        "original_bag": "",
        "stripe_pid": ""
    }
}, {
    "model": "checkout.order",
    "pk": 6,
    "fields": {
        "order_number": "AD455339FDAF4604BFC38D9A808F3A5D",
        "user_profile": null,
        "full_name": "test",
        "email": "test@test.com",
        "phone_number": "1234567890",
        "country": "yth",
        "postcode": "tyujyt",
        "town_or_city": "ytuy",
        "street_address1": "ytu",
        "street_address2": null,
        "county": "ytuiy",
        "date": "2022-04-15T14:20:35.577Z",
        "delivery_cost": "0.00",
        "order_total": "0.00",
        "grand_total": "0.00",
        "original_bag": "",
        "stripe_pid": ""
    }
}, {
    "model": "checkout.order",
    "pk": 7,
    "fields": {
        "order_number": "5E9B71239A994AB5BC5970716BFB0FE2",
        "user_profile": null,
        "full_name": "test",
        "email": "test@test.com",
        "phone_number": "1234567890",
        "country": "frgh",
        "postcode": "trhtr",
        "town_or_city": "trhyt",
        "street_address1": "tytruy",
        "street_address2": null,
        "county": "uytu",
        "date": "2022-04-15T14:27:01.976Z",
        "delivery_cost": "0.00",
        "order_total": "0.00",
        "grand_total": "0.00",
        "original_bag": "",
        "stripe_pid": ""
    }
}, {
    "model": "checkout.order",
    "pk": 8,
    "fields": {
        "order_number": "9CC4BC86CE024DAE85DA301A6D026356",
        "user_profile": null,
        "full_name": "testt",
        "email": "test@test.com",
        "phone_number": "1234567890",
        "country": "thyt",
        "postcode": "ytuy",
        "town_or_city": "ytiu",
        "street_address1": "uiuyi",
        "street_address2": null,
        "county": "uyiuy",
        "date": "2022-04-15T14:27:51.508Z",
        "delivery_cost": "0.00",
        "order_total": "0.00",
        "grand_total": "0.00",
        "original_bag": "",
        "stripe_pid": ""
    }
}, {
    "model": "checkout.order",
    "pk": 9,
    "fields": {
        "order_number": "BC70FC289FA54B0DB180D5F8E11515A2",
        "user_profile": null,
        "full_name": "test",
        "email": "test@test.com",
        "phone_number": "1234567890",
        "country": "fgtrh",
        "postcode": "truytuj",
        "town_or_city": "uytu",
        "street_address1": "yuyu",
        "street_address2": null,
        "county": "uytuytu",
        "date": "2022-04-15T14:28:37.241Z",
        "delivery_cost": "0.00",
        "order_total": "0.00",
        "grand_total": "0.00",
        "original_bag": "",
        "stripe_pid": ""
    }
}, {
    "model": "checkout.order",
    "pk": 10,
    "fields": {
        "order_number": "2F0537DF240D42D8AEDF96253F972411",
        "user_profile": null,
        "full_name": "truyiu",
        "email": "test@test.com",
        "phone_number": "rtytu",
        "country": "tryu",
        "postcode": "rtuy",
        "town_or_city": "ytuytu",
        "street_address1": "ytuyiu",
        "street_address2": null,
        "county": "ytuytu",
        "date": "2022-04-15T14:32:05.792Z",
        "delivery_cost": "0.00",
        "order_total": "0.00",
        "grand_total": "0.00",
        "original_bag": "",
        "stripe_pid": ""
    }
}, {
    "model": "checkout.order",
    "pk": 11,
    "fields": {
        "order_number": "6C0955C6416D4722958BBC8559997139",
        "user_profile": null,
        "full_name": "testt",
        "email": "test@test.com",
        "phone_number": "1234567890",
        "country": "US",
        "postcode": "12345",
        "town_or_city": "anywhere",
        "street_address1": "anywhere",
        "street_address2": null,
        "county": "anywhere",
        "date": "2022-04-16T12:24:01.624Z",
        "delivery_cost": "0.00",
        "order_total": "0.00",
        "grand_total": "0.00",
        "original_bag": "",
        "stripe_pid": ""
    }
}, {
    "model": "checkout.order",
    "pk": 12,
    "fields": {
        "order_number": "AD9366BA6017496190C89102EDD3E5B7",
        "user_profile": null,
        "full_name": "gh",
        "email": "test@test.com",
        "phone_number": "53535435",
        "country": "US",
        "postcode": "ewrhy",
        "town_or_city": "tryuj",
        "street_address1": "rtyuyj",
        "street_address2": null,
        "county": "tryuj",
        "date": "2022-04-16T13:43:40.302Z",
        "delivery_cost": "0.00",
        "order_total": "0.00",
        "grand_total": "0.00",
        "original_bag": "{\"2\": 1}",
        "stripe_pid": "pi_3KpBtyAtcxxYTnUH14Pafbmd"
    }
}, {
    "model": "checkout.order",
    "pk": 13,
    "fields": {
        "order_number": "09E0D41DD9FC41A6A2780F609DE7A64C",
        "user_profile": null,
        "full_name": "test",
        "email": "test@test.com",
        "phone_number": "1234567890",
        "country": "US",
        "postcode": "12345",
        "town_or_city": "anywhere",
        "street_address1": "anywhere",
        "street_address2": null,
        "county": "anywhere",
        "date": "2022-04-16T13:49:59.105Z",
        "delivery_cost": "0.00",
        "order_total": "0.00",
        "grand_total": "0.00",
        "original_bag": "{\"1\": 2}",
        "stripe_pid": "pi_3KpC0GAtcxxYTnUH1nmxOmqB"
    }
}, {
    "model": "checkout.order",
    "pk": 14,
    "fields": {
        "order_number": "9A4730FED17746CCA9797ACBE40A29C9",
        "user_profile": 1,
        "full_name": "test",
        "email": "test@test.com",
        "phone_number": "1234567890",
        "country": "AF",
        "postcode": "15515",
        "town_or_city": "hythjnygb",
        "street_address1": "anywhere",
        "street_address2": null,
        "county": "gjnhhgnb",
        "date": "2022-04-18T18:49:06.351Z",
        "delivery_cost": "0.00",
        "order_total": "0.00",
        "grand_total": "0.00",
        "original_bag": "{\"2\": 2}",
        "stripe_pid": "pi_3KpzccAtcxxYTnUH1NXNNdPb"
    }
}, {
    "model": "checkout.order",
    "pk": 15,
    "fields": {
        "order_number": "609E0D62C01749259B6E970864CC1EDA",
        "user_profile": 1,
        "full_name": "test",
        "email": "test@test.com",
        "phone_number": "1234567890",
        "country": "AF",
        "postcode": "15515",
        "town_or_city": "hythjnygb",
        "street_address1": "anywhere",
        "street_address2": null,
        "county": "gjnhhgnb",
        "date": "2022-04-18T19:03:44.924Z",
        "delivery_cost": "0.00",
        "order_total": "0.00",
        "grand_total": "0.00",
        "original_bag": "{\"2\": 1, \"1\": 2}",
        "stripe_pid": "pi_3KpzqvAtcxxYTnUH0GG6LfaJ"
    }
}, {
    "model": "checkout.order",
    "pk": 16,
    "fields": {
        "order_number": "452CF32DD5074D55B94D21E2BAA4CD4B",
        "user_profile": 1,
        "full_name": "test",
        "email": "test@test.com",
        "phone_number": "1234567890",
        "country": "AF",
        "postcode": "15515",
        "town_or_city": "hythjnygb",
        "street_address1": "anywhere",
        "street_address2": null,
        "county": "gjnhhgnb",
        "date": "2022-04-18T19:05:33.317Z",
        "delivery_cost": "0.00",
        "order_total": "0.00",
        "grand_total": "0.00",
        "original_bag": "{\"1\": 1}",
        "stripe_pid": "pi_3KpzsuAtcxxYTnUH0HHm5uHO"
    }
}, {
    "model": "checkout.order",
    "pk": 17,
    "fields": {
        "order_number": "53F9E6E294F84EE0AED6BA98CFB7F8E2",
        "user_profile": 1,
        "full_name": "test",
        "email": "test@test.com",
        "phone_number": "1234567890",
        "country": "AF",
        "postcode": "15515",
        "town_or_city": "hythjnygb",
        "street_address1": "anywhere",
        "street_address2": null,
        "county": "gjnhhgnb",
        "date": "2022-04-18T19:06:23.667Z",
        "delivery_cost": "0.00",
        "order_total": "0.00",
        "grand_total": "0.00",
        "original_bag": "{\"2\": 1}",
        "stripe_pid": "pi_3KpztkAtcxxYTnUH1YT3BR0b"
    }
}, {
    "model": "checkout.order",
    "pk": 18,
    "fields": {
        "order_number": "13C970D88ED245038C06BE595E109DA7",
        "user_profile": 1,
        "full_name": "test",
        "email": "test@test.com",
        "phone_number": "1234567890",
        "country": "AT",
        "postcode": "15515",
        "town_or_city": "hythjnygb",
        "street_address1": "anywhere",
        "street_address2": null,
        "county": "gjnhhgnb",
        "date": "2022-04-18T19:11:22.522Z",
        "delivery_cost": "0.00",
        "order_total": "0.00",
        "grand_total": "0.00",
        "original_bag": "{\"1\": 1}",
        "stripe_pid": "pi_3KpzyXAtcxxYTnUH176hpD57"
    }
}, {
    "model": "checkout.order",
    "pk": 19,
    "fields": {
        "order_number": "090E3F14DBD343439551B4ABB737A886",
        "user_profile": 1,
        "full_name": "test",
        "email": "test@test.com",
        "phone_number": "1234567890",
        "country": "AT",
        "postcode": "15515",
        "town_or_city": "hythjnygb",
        "street_address1": "anywhere",
        "street_address2": null,
        "county": "gjnhhgnb",
        "date": "2022-04-18T19:16:07.364Z",
        "delivery_cost": "0.00",
        "order_total": "0.00",
        "grand_total": "0.00",
        "original_bag": "{\"2\": 1}",
        "stripe_pid": "pi_3Kq03AAtcxxYTnUH0Jbsu9m2"
    }
}, {
    "model": "checkout.order",
    "pk": 20,
    "fields": {
        "order_number": "5F42371B5A654498B53984E1DFE2275C",
        "user_profile": 1,
        "full_name": "test",
        "email": "test@test.com",
        "phone_number": "1234567890",
        "country": "AT",
        "postcode": "15515",
        "town_or_city": "hythjnygb",
        "street_address1": "anywhere",
        "street_address2": null,
        "county": "gjnhhgnb",
        "date": "2022-04-18T19:17:17.656Z",
        "delivery_cost": "0.00",
        "order_total": "0.00",
        "grand_total": "0.00",
        "original_bag": "{\"2\": 1}",
        "stripe_pid": "pi_3Kq04KAtcxxYTnUH0xWzMSQF"
    }
}, {
    "model": "checkout.order",
    "pk": 21,
    "fields": {
        "order_number": "91581C763CDF4DA4B185B08C9AD1E776",
        "user_profile": 1,
        "full_name": "test",
        "email": "test@test.com",
        "phone_number": "1234567890",
        "country": "AT",
        "postcode": "15515",
        "town_or_city": "hythjnygb",
        "street_address1": "anywhere",
        "street_address2": null,
        "county": "gjnhhgnb",
        "date": "2022-04-18T19:19:11.300Z",
        "delivery_cost": "0.00",
        "order_total": "0.00",
        "grand_total": "0.00",
        "original_bag": "{\"1\": 1}",
        "stripe_pid": "pi_3Kq069AtcxxYTnUH1Rgthzzr"
    }
}, {
    "model": "checkout.order",
    "pk": 22,
    "fields": {
        "order_number": "039929229C1F492EABB4495B89A142A8",
        "user_profile": 1,
        "full_name": "test",
        "email": "test@test.com",
        "phone_number": "1234567890",
        "country": "AT",
        "postcode": "15515",
        "town_or_city": "hythjnygb",
        "street_address1": "anywhere",
        "street_address2": null,
        "county": "gjnhhgnb",
        "date": "2022-04-18T19:20:56.431Z",
        "delivery_cost": "0.00",
        "order_total": "0.00",
        "grand_total": "0.00",
        "original_bag": "{\"2\": 1}",
        "stripe_pid": "pi_3Kq07oAtcxxYTnUH1ptMp2Kz"
    }
}, {
    "model": "checkout.order",
    "pk": 23,
    "fields": {
        "order_number": "C6635B3B8F8E4049A8C72B05A7365299",
        "user_profile": 1,
        "full_name": "test",
        "email": "test@test.com",
        "phone_number": "1234567890",
        "country": "AT",
        "postcode": "15515",
        "town_or_city": "hythjnygb",
        "street_address1": "anywhere",
        "street_address2": null,
        "county": "gjnhhgnb",
        "date": "2022-04-18T19:25:20.484Z",
        "delivery_cost": "0.00",
        "order_total": "0.00",
        "grand_total": "0.00",
        "original_bag": "{\"2\": 1}",
        "stripe_pid": "pi_3Kq0C4AtcxxYTnUH0s87x0zM"
    }
}, {
    "model": "checkout.order",
    "pk": 24,
    "fields": {
        "order_number": "0D089A5DAB33490991B12B5D8401739F",
        "user_profile": 1,
        "full_name": "test",
        "email": "test@test.com",
        "phone_number": "1234567890",
        "country": "AT",
        "postcode": "15515",
        "town_or_city": "hythjnygb",
        "street_address1": "anywhere",
        "street_address2": null,
        "county": "gjnhhgnb",
        "date": "2022-04-18T20:35:42.523Z",
        "delivery_cost": "0.00",
        "order_total": "0.00",
        "grand_total": "0.00",
        "original_bag": "{\"2\": 1}",
        "stripe_pid": "pi_3Kq1IAAtcxxYTnUH0o3PQEmJ"
    }
}, {
    "model": "checkout.order",
    "pk": 25,
    "fields": {
        "order_number": "14FD76248DAD4D1B99577E6FC27F0354",
        "user_profile": null,
        "full_name": "test",
        "email": "test@test.com",
        "phone_number": "543254142",
        "country": "AU",
        "postcode": "18552",
        "town_or_city": "thfdfh",
        "street_address1": "hgjgjg",
        "street_address2": null,
        "county": "thgfd",
        "date": "2022-04-19T09:25:31.841Z",
        "delivery_cost": "0.00",
        "order_total": "0.00",
        "grand_total": "0.00",
        "original_bag": "{\"2\": 1}",
        "stripe_pid": "pi_3KqDInAtcxxYTnUH0FQHz8cB"
    }
}, {
    "model": "checkout.order",
    "pk": 26,
    "fields": {
        "order_number": "E96F7BA12176443083DF632C103C9D99",
        "user_profile": 1,
        "full_name": "test",
        "email": "nikola@test.com",
        "phone_number": "1234567890",
        "country": "AT",
        "postcode": "15515",
        "town_or_city": "hythjnygb",
        "street_address1": "anywhere",
        "street_address2": null,
        "county": "gjnhhgnb",
        "date": "2022-04-19T09:27:43.164Z",
        "delivery_cost": "0.00",
        "order_total": "0.00",
        "grand_total": "0.00",
        "original_bag": "{\"2\": 1}",
        "stripe_pid": "pi_3KqDLBAtcxxYTnUH1b9YpVuj"
    }
}, {
    "model": "checkout.order",
    "pk": 27,
    "fields": {
        "order_number": "7EC9629D56EA4FEB8F01185B0EED80B4",
        "user_profile": 1,
        "full_name": "test",
        "email": "test@test.com",
        "phone_number": "1234567890",
        "country": "AT",
        "postcode": "15515",
        "town_or_city": "hythjnygb",
        "street_address1": "anywhere",
        "street_address2": null,
        "county": "gjnhhgnb",
        "date": "2022-04-19T09:36:37.135Z",
        "delivery_cost": "0.00",
        "order_total": "0.00",
        "grand_total": "0.00",
        "original_bag": "{\"1\": 1}",
        "stripe_pid": "pi_3KqDTsAtcxxYTnUH1luLB0oX"
    }
}, {
    "model": "checkout.order",
    "pk": 28,
    "fields": {
        "order_number": "863E41867EA047BDA7CBDE9C677D5C7E",
        "user_profile": 1,
        "full_name": "test",
        "email": "test@test.com",
        "phone_number": "1234567890",
        "country": "AT",
        "postcode": "15515",
        "town_or_city": "hythjnygb",
        "street_address1": "anywhere",
        "street_address2": null,
        "county": "gjnhhgnb",
        "date": "2022-04-19T09:45:51.140Z",
        "delivery_cost": "0.00",
        "order_total": "0.00",
        "grand_total": "0.00",
        "original_bag": "{\"2\": 1}",
        "stripe_pid": "pi_3KqDcoAtcxxYTnUH0zLRlkAP"
    }
}, {
    "model": "checkout.order",
    "pk": 29,
    "fields": {
        "order_number": "51A5EDD61C2E4A078CC7B8D73EF0EFDC",
        "user_profile": null,
        "full_name": "Joe Bloggs",
        "email": "test@test.ie",
        "phone_number": "0871234567",
        "country": "IE",
        "postcode": "000000",
        "town_or_city": "dublin",
        "street_address1": "liffey valley",
        "street_address2": null,
        "county": "dublin",
        "date": "2022-04-19T09:49:24.998Z",
        "delivery_cost": "0.00",
        "order_total": "0.00",
        "grand_total": "0.00",
        "original_bag": "{\"1\": 1}",
        "stripe_pid": "pi_3KqDgKAtcxxYTnUH1npqXWwY"
    }
}, {
    "model": "checkout.order",
    "pk": 30,
    "fields": {
        "order_number": "C4EBC298F4C04BEFB7984D62004FD3AE",
        "user_profile": null,
        "full_name": "Joe Bloggs",
        "email": "test@test.ie",
        "phone_number": "0871234567",
        "country": "IE",
        "postcode": "000000",
        "town_or_city": "dublin",
        "street_address1": "liffey valley",
        "street_address2": null,
        "county": "dublin",
        "date": "2022-04-19T09:51:09.594Z",
        "delivery_cost": "0.00",
        "order_total": "0.00",
        "grand_total": "0.00",
        "original_bag": "{\"2\": 1}",
        "stripe_pid": "pi_3KqDi2AtcxxYTnUH0yhPBDkF"
    }
}, {
    "model": "checkout.order",
    "pk": 31,
    "fields": {
        "order_number": "3296C172178542B595A15DCE584C2FDA",
        "user_profile": 1,
        "full_name": "test",
        "email": "test@test.com",
        "phone_number": "1234567890",
        "country": "AT",
        "postcode": "15515",
        "town_or_city": "hythjnygb",
        "street_address1": "anywhere",
        "street_address2": null,
        "county": "gjnhhgnb",
        "date": "2022-04-19T10:06:43.137Z",
        "delivery_cost": "0.00",
        "order_total": "0.00",
        "grand_total": "0.00",
        "original_bag": "{\"2\": 4}",
        "stripe_pid": "pi_3KqDwfAtcxxYTnUH1RDgcUb2"
    }
}, {
    "model": "checkout.order",
    "pk": 32,
    "fields": {
        "order_number": "70895B9107F6449CA30FF4C9C7EAD88B",
        "user_profile": 1,
        "full_name": "test",
        "email": "test@test.com",
        "phone_number": "1234567890",
        "country": "AT",
        "postcode": "15515",
        "town_or_city": "hythjnygb",
        "street_address1": "anywhere",
        "street_address2": null,
        "county": "gjnhhgnb",
        "date": "2022-04-19T10:08:05.894Z",
        "delivery_cost": "0.00",
        "order_total": "0.00",
        "grand_total": "0.00",
        "original_bag": "{\"2\": 1}",
        "stripe_pid": "pi_3KqDyCAtcxxYTnUH0uLPdnyU"
    }
}, {
    "model": "checkout.order",
    "pk": 33,
    "fields": {
        "order_number": "62B19E34C1F14ADF8A9B98D1E09350BD",
        "user_profile": 1,
        "full_name": "test",
        "email": "test@test.com",
        "phone_number": "1234567890",
        "country": "AT",
        "postcode": "15515",
        "town_or_city": "hythjnygb",
        "street_address1": "anywhere",
        "street_address2": null,
        "county": "gjnhhgnb",
        "date": "2022-04-19T10:20:02.007Z",
        "delivery_cost": "0.00",
        "order_total": "0.00",
        "grand_total": "0.00",
        "original_bag": "{\"1\": 1}",
        "stripe_pid": "pi_3KqE9uAtcxxYTnUH0UCSl8v6"
    }
}, {
    "model": "checkout.order",
    "pk": 34,
    "fields": {
        "order_number": "6BD96B6D2152409186E93EFDC8795B90",
        "user_profile": 1,
        "full_name": "test",
        "email": "test@test.com",
        "phone_number": "1234567890",
        "country": "AT",
        "postcode": "15515",
        "town_or_city": "hythjnygb",
        "street_address1": "anywhere",
        "street_address2": null,
        "county": "gjnhhgnb",
        "date": "2022-04-19T10:22:26.033Z",
        "delivery_cost": "0.00",
        "order_total": "0.00",
        "grand_total": "0.00",
        "original_bag": "{\"2\": 1}",
        "stripe_pid": "pi_3KqECHAtcxxYTnUH0torUBLL"
    }
}, {
    "model": "checkout.order",
    "pk": 35,
    "fields": {
        "order_number": "268F37CA850849B69122FD36C3EF5FDB",
        "user_profile": 1,
        "full_name": "test",
        "email": "test@test.com",
        "phone_number": "1234567890",
        "country": "AT",
        "postcode": "15515",
        "town_or_city": "hythjnygb",
        "street_address1": "anywhere",
        "street_address2": null,
        "county": "gjnhhgnb",
        "date": "2022-04-19T10:31:02.883Z",
        "delivery_cost": "0.00",
        "order_total": "0.00",
        "grand_total": "0.00",
        "original_bag": "{\"2\": 1}",
        "stripe_pid": "pi_3KqEKYAtcxxYTnUH1UeKcRgP"
    }
}, {
    "model": "checkout.order",
    "pk": 36,
    "fields": {
        "order_number": "577074E3F9CE4337A9C097ED00FFCE46",
        "user_profile": null,
        "full_name": "test",
        "email": "test@test.com",
        "phone_number": "25663",
        "country": "AQ",
        "postcode": "ryth",
        "town_or_city": "tyjth",
        "street_address1": "htyuj",
        "street_address2": null,
        "county": "tyhrr",
        "date": "2022-04-25T16:35:54.536Z",
        "delivery_cost": "0.00",
        "order_total": "1600.00",
        "grand_total": "1600.00",
        "original_bag": "{\"3\": 1}",
        "stripe_pid": "pi_3KsUsfAtcxxYTnUH0yasueTf"
    }
}, {
    "model": "checkout.order",
    "pk": 37,
    "fields": {
        "order_number": "36000B3F8F624479AB89C5C53CB2B660",
        "user_profile": 1,
        "full_name": "nik",
        "email": "nikola@ique.nl",
        "phone_number": "1234567890",
        "country": "AT",
        "postcode": "15515",
        "town_or_city": "hythjnygb",
        "street_address1": "anywhere",
        "street_address2": null,
        "county": "gjnhhgnb",
        "date": "2022-05-29T21:49:42.513Z",
        "delivery_cost": "0.00",
        "order_total": "1600.00",
        "grand_total": "1600.00",
        "original_bag": "{\"3\": 1}",
        "stripe_pid": "pi_3L4to6AtcxxYTnUH0GYAiXGt"
    }
}, {
    "model": "checkout.order",
    "pk": 38,
    "fields": {
        "order_number": "908CDD8970434B4A991E8CA29E9A352F",
        "user_profile": 1,
        "full_name": "nik",
        "email": "nikola@ique.nl",
        "phone_number": "1234567890",
        "country": "AT",
        "postcode": "15515",
        "town_or_city": "hythjnygb",
        "street_address1": "anywhere",
        "street_address2": null,
        "county": "gjnhhgnb",
        "date": "2022-05-29T23:03:21.961Z",
        "delivery_cost": "0.00",
        "order_total": "1600.00",
        "grand_total": "1600.00",
        "original_bag": "{\"3\": 1}",
        "stripe_pid": "pi_3L4v8CAtcxxYTnUH1wAfHBe8"
    }
}, {
    "model": "checkout.order",
    "pk": 39,
    "fields": {
        "order_number": "ED4B54B043F047389257549B5249E780",
        "user_profile": 1,
        "full_name": "nik",
        "email": "nikola@ique.nl",
        "phone_number": "1234567890",
        "country": "AT",
        "postcode": "15515",
        "town_or_city": "hythjnygb",
        "street_address1": "anywhere",
        "street_address2": null,
        "county": "gjnhhgnb",
        "date": "2022-05-29T23:09:40.293Z",
        "delivery_cost": "0.00",
        "order_total": "3400.00",
        "grand_total": "3400.00",
        "original_bag": "{\"4\": 2}",
        "stripe_pid": "pi_3L4vEeAtcxxYTnUH1IrOnfa6"
    }
}, {
    "model": "checkout.order",
    "pk": 40,
    "fields": {
        "order_number": "4DD1E4B203604149B5B8638C25705FEC",
        "user_profile": 1,
        "full_name": "nik",
        "email": "nikola@ique.nl",
        "phone_number": "1234567890",
        "country": "AT",
        "postcode": "15515",
        "town_or_city": "hythjnygb",
        "street_address1": "anywhere",
        "street_address2": null,
        "county": "gjnhhgnb",
        "date": "2022-05-31T09:37:16.454Z",
        "delivery_cost": "0.00",
        "order_total": "1600.00",
        "grand_total": "1600.00",
        "original_bag": "{\"3\": 1}",
        "stripe_pid": "pi_3L5RVaAtcxxYTnUH1CEyqLmK"
    }
}, {
    "model": "checkout.order",
    "pk": 41,
    "fields": {
        "order_number": "39AA893584F84E318A69B3E90DB0B130",
        "user_profile": 1,
        "full_name": "nik",
        "email": "nikola@ique.nl",
        "phone_number": "1234567890",
        "country": "AT",
        "postcode": "15515",
        "town_or_city": "hythjnygb",
        "street_address1": "anywhere",
        "street_address2": null,
        "county": "gjnhhgnb",
        "date": "2022-05-31T09:38:09.036Z",
        "delivery_cost": "0.00",
        "order_total": "1600.00",
        "grand_total": "1600.00",
        "original_bag": "{\"3\": 1}",
        "stripe_pid": "pi_3L5RWNAtcxxYTnUH1te98fXE"
    }
}, {
    "model": "checkout.order",
    "pk": 42,
    "fields": {
        "order_number": "903E1127BB00420B9C3D5AB500BCE702",
        "user_profile": 1,
        "full_name": "nik",
        "email": "nikola@ique.nl",
        "phone_number": "1234567890",
        "country": "AT",
        "postcode": "15515",
        "town_or_city": "hythjnygb",
        "street_address1": "anywhere",
        "street_address2": null,
        "county": "gjnhhgnb",
        "date": "2022-05-31T09:39:20.224Z",
        "delivery_cost": "0.00",
        "order_total": "1600.00",
        "grand_total": "1600.00",
        "original_bag": "{\"3\": 1}",
        "stripe_pid": "pi_3L5RXUAtcxxYTnUH0cbxwfyZ"
    }
}, {
    "model": "checkout.order",
    "pk": 43,
    "fields": {
        "order_number": "A388A5DDA2F348EE8601232AA01FB205",
        "user_profile": 1,
        "full_name": "nik",
        "email": "nikola@ique.nl",
        "phone_number": "1234567890",
        "country": "AT",
        "postcode": "15515",
        "town_or_city": "hythjnygb",
        "street_address1": "anywhere",
        "street_address2": null,
        "county": "gjnhhgnb",
        "date": "2022-05-31T10:56:35.258Z",
        "delivery_cost": "0.00",
        "order_total": "1000.00",
        "grand_total": "1000.00",
        "original_bag": "{\"38\": 1}",
        "stripe_pid": "pi_3L5SkMAtcxxYTnUH0VopXWE8"
    }
}, {
    "model": "checkout.orderlineitem",
    "pk": 37,
    "fields": {
        "order": 36,
        "product": 3,
        "quantity": 1,
        "lineitem_total": "1600.00"
    }
}, {
    "model": "checkout.orderlineitem",
    "pk": 38,
    "fields": {
        "order": 37,
        "product": 3,
        "quantity": 1,
        "lineitem_total": "1600.00"
    }
}, {
    "model": "checkout.orderlineitem",
    "pk": 39,
    "fields": {
        "order": 38,
        "product": 3,
        "quantity": 1,
        "lineitem_total": "1600.00"
    }
}, {
    "model": "checkout.orderlineitem",
    "pk": 40,
    "fields": {
        "order": 39,
        "product": 4,
        "quantity": 2,
        "lineitem_total": "3400.00"
    }
}, {
    "model": "checkout.orderlineitem",
    "pk": 41,
    "fields": {
        "order": 40,
        "product": 3,
        "quantity": 1,
        "lineitem_total": "1600.00"
    }
}, {
    "model": "checkout.orderlineitem",
    "pk": 42,
    "fields": {
        "order": 41,
        "product": 3,
        "quantity": 1,
        "lineitem_total": "1600.00"
    }
}, {
    "model": "checkout.orderlineitem",
    "pk": 43,
    "fields": {
        "order": 42,
        "product": 3,
        "quantity": 1,
        "lineitem_total": "1600.00"
    }
}, {
    "model": "checkout.orderlineitem",
    "pk": 44,
    "fields": {
        "order": 43,
        "product": 38,
        "quantity": 1,
        "lineitem_total": "1000.00"
    }
}, {
    "model": "profiles.userprofile",
    "pk": 1,
    "fields": {
        "user": 1,
        "default_phone_number": "1234567890",
        "default_street_address1": "anywhere",
        "default_street_address2": null,
        "default_town_or_city": "hythjnygb",
        "default_county": "gjnhhgnb",
        "default_postcode": "15515",
        "default_country": "AT"
    }
}, {
    "model": "profiles.userprofile",
    "pk": 2,
    "fields": {
        "user": 2,
        "default_phone_number": null,
        "default_street_address1": null,
        "default_street_address2": null,
        "default_town_or_city": null,
        "default_county": null,
        "default_postcode": null,
        "default_country": null
    }
}, {
    "model": "profiles.userprofile",
    "pk": 3,
    "fields": {
        "user": 3,
        "default_phone_number": null,
        "default_street_address1": null,
        "default_street_address2": null,
        "default_town_or_city": null,
        "default_county": null,
        "default_postcode": null,
        "default_country": null
    }
}, {
    "model": "reviews.review",
    "pk": 2,
    "fields": {
        "user": 1,
        "product": 3,
        "title": "ef",
        "comment": "efe",
        "rating": 5,
        "created_on": "2022-05-04T16:21:10.002Z"
    }
}, {
    "model": "reviews.review",
    "pk": 3,
    "fields": {
        "user": 1,
        "product": 3,
        "title": "oi",
        "comment": "ioiu",
        "rating": 5,
        "created_on": "2022-05-08T13:45:56.831Z"
    }
}, {
    "model": "reviews.review",
    "pk": 4,
    "fields": {
        "user": 1,
        "product": 3,
        "title": "gg",
        "comment": "fb",
        "rating": 5,
        "created_on": "2022-05-08T13:47:07.453Z"
    }
}, {
    "model": "reviews.review",
    "pk": 5,
    "fields": {
        "user": 1,
        "product": 23,
        "title": "j",
        "comment": "kuk",
        "rating": 5,
        "created_on": "2022-05-08T13:50:58.168Z"
    }
}, {
    "model": "reviews.review",
    "pk": 8,
    "fields": {
        "user": 1,
        "product": 3,
        "title": "u7u",
        "comment": "uu",
        "rating": 2,
        "created_on": "2022-05-10T09:34:12.742Z"
    }
}, {
    "model": "reviews.review",
    "pk": 9,
    "fields": {
        "user": 1,
        "product": 4,
        "title": "hoi",
        "comment": "rhty",
        "rating": 3,
        "created_on": "2022-05-10T11:00:14.959Z"
    }
}, {
    "model": "reviews.review",
    "pk": 10,
    "fields": {
        "user": 1,
        "product": 3,
        "title": "About this product",
        "comment": "This product is the bestest greatest I've ever owned. I would never trade it in for another one. Love the quality, the brand, design and that it seamlessly works with the brands other devices. I will be refreshing for the next model if it's better.",
        "rating": 5,
        "created_on": "2022-05-10T22:55:21.729Z"
    }
}, {
    "model": "reviews.review",
    "pk": 11,
    "fields": {
        "user": 1,
        "product": 3,
        "title": "hoi",
        "comment": "hallo",
        "rating": 4,
        "created_on": "2022-05-15T10:39:04.107Z"
    }
}, {
    "model": "wishlist.wishlist",
    "pk": 1,
    "fields": {
        "user": 1,
        "created_on": "2022-05-15T12:23:38.472Z",
        "list": [3, 5, 6, 25]
    }
}, {
    "model": "contact.contact",
    "pk": 1,
    "fields": {
        "name": "Sports",
        "mail": "iets@iets.com",
        "product": 6,
        "title": "hoi",
        "description": "hallo",
        "created_on": "2022-05-15T18:53:29.087Z",
        "status": false
    }
}]